Connections ID, Vehicle ID, Time Stamp, Current Open Connections
1,4643,4.4,
,,8.4,4476'4466'4606
,,12.4,4690'4291'4567
,,16.4,4600'4378'4689
,,20.4,4529'4447'4357
,,24.4,4563'4600'4563
,,28.4,4417'4349'4642
,,32.4,4666'4362'4466
,,36.4,4466'4518'4666
,,40.4,4438'4360'4575
,,44.4,4518'4666'4417
,,48.4,4575'4676'4663
,,52.4,4563'4666'4698
2,4642,4.4,
,,8.4,4459'4477'4600
,,12.4,4326'4541'4592
,,16.4,4447'4350'4447
,,20.4,4459'4313'4524
,,24.4,4567'4481'4497
,,28.4,4362'4476'4495
,,32.4,4291'4575'4600
,,36.4,4417'4696'4362
,,40.4,4567'4549'4689
,,44.4,4518'4666'4476
,,48.4,4389'4400'4488
,,52.4,4689'4478'4606
,,56.4,4564'4360'4476
,,60.4,4636'4697'4623
,,64.4,4580'4463'4520
,,68.4,4478'4520'4478
,,72.4,4495'4298'4298
,,76.4,4488'4654'4388
9,4608,4.4,
10,4531,4.4,
,,8.4,4614'4449'4401
,,12.4,4572'4366'4298
,,16.4,4539'4643'4542
,,20.4,4591'4308'4298
,,24.4,4637'4484'4572
,,28.4,4503'4637'4568
,,32.4,4552'4515'4515
,,36.4,4688'4478'4478
,,40.4,4503'4370'4333
,,44.4,4446'4488'4569
,,48.4,4591'4509'4646
,,52.4,4478'4575'4484
,,56.4,4286'4646'4542
,,60.4,4542'4654'4704
,,64.4,4636'4697'4294
,,68.4,4618'4291'4654
,,72.4,4488'4497'4636
,,76.4,4547'4662'4564
11,4530,4.4,
,,8.4,4456'4310'4586
,,12.4,4434'4554'4312
,,16.4,4565'4371'4403
,,20.4,4487'4371'4434
,,24.4,4629'4552'4371
,,28.4,4387'4434'4387
,,32.4,4379'4640'4371
,,36.4,4654'4541'4640
,,40.4,4670'4513'4395
,,44.4,4395'4499'4506
,,48.4,4507'4612'4511
,,52.4,4312'4440'4300
,,56.4,4524'4640'4537
,,60.4,4327'4676'4337
,,64.4,4531'4466'4552
,,68.4,4569'4569'4466
,,72.4,4678'4572'4294
,,76.4,4511'4678'4613
12,4632,4.4,
,,8.4,4356'4576'4507
,,12.4,4430'4382'4678
,,16.4,4598'4351'4430
,,20.4,4560'4430'4426
,,24.4,4576'4382'4486
,,28.4,4336'4337'4553
,,32.4,4621'4308'4308
,,36.4,4612'4525'4650
,,40.4,4467'4447'4598
,,44.4,4369'4369'4372
,,48.4,4489'4496'4570
,,52.4,4469'4615'4429
,,56.4,4618'4651'4580
,,60.4,4497'4388'4591
,,64.4,4568'4478'4478
,,68.4,4598'4494'4654
,,72.4,4707'4366'4473
,,76.4,4430'4327'4361
13,4498,4.4,
,,8.4,4355'4325'4549
,,12.4,4591'4549'4524
,,16.4,4580'4578'4508
,,20.4,4285'4367'4520
,,24.4,4565'4615'4326
,,28.4,4666'4559'4518
,,32.4,4591'4663'4360
,,36.4,4524'4575'4291
,,40.4,4338'4592'4508
,,44.4,4564'4564'4488
,,48.4,4291'4676'4370
,,52.4,4291'4363'4630
,,56.4,4663'4363'4666
,,60.4,4592'4675'4327
,,64.4,4360'4361'4474
,,68.4,4646'4568'4666
,,72.4,4636'4654'4413
,,76.4,4553'4488'4291
14,4504,4.4,
,,8.4,4558'4634'4451
,,12.4,4412'4423'4460
,,16.4,4502'4412'4625
,,20.4,4627'4627'4587
,,24.4,4316'4412'4408
,,28.4,4627'4515'4515
,,32.4,4526'4408'4589
,,36.4,4519'4408'4408
,,40.4,4529'4412'4334
,,44.4,4408'4529'4668
,,48.4,4567'4286'4286
,,52.4,4567'4619'4562
,,56.4,4596'4522'4529
,,60.4,4529'4655'4585
,,64.4,4627'4414'4557
,,68.4,4428'4445'4420
,,72.4,4483'4493'4519
,,76.4,4616'4597'4541
15,4538,4.4,
,,8.4,4416'4549'4344
,,12.4,4467'4697'4525
,,16.4,4429'4467'4697
16,4546,4.4,
,,8.4,4377'4676'4377
,,12.4,4426'4554'4459
,,16.4,4651'4416'4426
,,20.4,4615'4354'4459
,,24.4,4532'4333'4295
,,28.4,4354'4503'4289
,,32.4,4354'4544'4660
,,36.4,4486'4433'4290
,,40.4,4291'4496'4618
,,44.4,4465'4661'4542
,,48.4,4390'4372'4489
,,52.4,4372'4467'4416
,,56.4,4650'4489'4388
,,60.4,4655'4509'4600
,,64.4,4319'4401'4291
,,68.4,4308'4346'4590
,,72.4,4472'4308'4319
,,76.4,4453'4477'4477
17,4566,4.4,
18,4665,4.4,
,,8.4,4420'4413'4420
,,12.4,4462'4441'4680
,,16.4,4583'4519'4634
,,20.4,4577'4297'4625
,,24.4,4374'4286'4451
,,28.4,4413'4627'4412
,,32.4,4511'4513'4646
,,36.4,4374'4327'4451
,,40.4,4286'4286'4321
,,44.4,4310'4536'4596
19,4662,4.4,
,,8.4,4342'4436'4351
,,12.4,4506'4314'4484
,,16.4,4416'4426'4595
,,20.4,4437'4605'4308
,,24.4,4314'4465'4344
,,28.4,4450'4416'4346
,,32.4,4446'4416'4436
,,36.4,4336'4564'4429
,,40.4,4469'4349'4546
,,44.4,4319'4349'4546
,,48.4,4436'4472'4416
,,52.4,4535'4344'4307
,,56.4,4599'4401'4477
,,60.4,4346'4319'4346
,,64.4,4599'4485'4344
,,68.4,4600'4626'4485
,,72.4,4618'4578'4447
,,76.4,4314'4320'4591
20,4598,4.4,
,,8.4,4298'4329'4360
,,12.4,4338'4648'4466
,,16.4,4533'4298'4670
,,20.4,4623'4542'4623
,,24.4,4533'4622'4478
,,28.4,4654'4622'4466
,,32.4,4528'4466'4515
,,36.4,4688'4688'4498
,,40.4,4539'4591'4673
,,44.4,4298'4646'4673
,,48.4,4642'4338'4646
,,52.4,4564'4337'4678
,,56.4,4666'4636'4632
,,60.4,4564'4697'4418
,,64.4,4360'4370'4610
,,68.4,4291'4370'4291
,,72.4,4654'4360'4453
,,76.4,4646'4564'4291
21,4696,4.4,
,,8.4,4393'4295'4393
,,12.4,4336'4645'4645
,,16.4,4466'4599'4509
,,20.4,4563'4509'4438
,,24.4,4369'4447'4438
,,28.4,4369'4391'4324
,,32.4,4295'4369'4336
,,36.4,4698'4619'4438
,,40.4,4447'4354'4309
,,44.4,4567'4356'4393
,,48.4,4447'4354'4580
,,52.4,4466'4295'4356
,,56.4,4615'4336'4354
,,60.4,4606'4309'4393
,,64.4,4336'4459'4693
,,68.4,4368'4295'4459
,,72.4,4494'4369'4336
,,76.4,4324'4369'4336
22,4548,4.4,
,,8.4,4454'4561'4627
,,12.4,4659'4419'4659
,,16.4,4625'4374'4641
,,20.4,4301'4625'4286
,,24.4,4305'4423'4519
,,28.4,4301'4675'4462
,,32.4,4473'4680'4540
,,36.4,4343'4380'4360
,,40.4,4331'4380'4331
,,44.4,4555'4383'4505
,,48.4,4373'4518'4473
,,52.4,4550'4540'4442
,,56.4,4464'4464'4464
,,60.4,4399'4397'4577
,,64.4,4646'4648'4579
,,68.4,4360'4654'4444
,,72.4,4347'4360'4450
,,76.4,4307'4307'4620
23,4661,4.4,
,,8.4,4531'4385'4575
,,12.4,4424'4531'4358
,,16.4,4525'4516'4416
,,20.4,4525'4336'4465
,,24.4,4472'4346'4614
,,28.4,4469'4632'4446
,,32.4,4662'4424'4372
,,36.4,4477'4676'4314
,,40.4,4472'4446'4344
,,44.4,4314'4453'4542
,,48.4,4614'4484'4446
,,52.4,4585'4319'4650
,,56.4,4453'4401'4308
,,60.4,4570'4503'4477
,,64.4,4450'4570'4307
,,68.4,4578'4307'4552
,,72.4,4319'4355'4453
,,76.4,4349'4450'4307
24,4695,4.4,
,,8.4,4673'4343'4408
,,12.4,4419'4343'4419
,,16.4,4343'4331'4419
,,20.4,4408'4443'4532
,,24.4,4659'4296'4659
,,28.4,4555'4331'4585
,,32.4,4557'4505'4443
,,36.4,4645'4561'4408
,,40.4,4577'4331'4579
,,44.4,4410'4376'4561
,,48.4,4513'4579'4680
,,52.4,4681'4414'4452
,,56.4,4368'4321'4368
,,60.4,4625'4359'4668
,,64.4,4562'4528'4562
,,68.4,4380'4441'4413
,,72.4,4562'4324'4380
,,76.4,4373'4331'4371
25,4658,4.4,
,,8.4,4333'4485'4516
,,12.4,4439'4308'4446
,,16.4,4344'4618'4592
,,20.4,4335'4367'4335
,,24.4,4439'4599'4663
,,28.4,4599'4322'4525
,,32.4,4520'4676'4372
,,36.4,4651'4678'4326
,,40.4,4534'4367'4429
,,44.4,4632'4372'4367
,,48.4,4497'4470'4306
,,52.4,4400'4630'4470
,,56.4,4298'4676'4466
,,60.4,4673'4294'4337
,,64.4,4390'4552'4337
,,68.4,4327'4513'4327
,,72.4,4480'4318'4318
26,4520,4.4,
,,8.4,4508'4314'4376
,,12.4,4372'4432'4447
,,16.4,4536'4536'4489
,,20.4,4524'4669'4669
,,24.4,4312'4457'4614
,,28.4,4516'4385'4494
,,32.4,4614'4632'4617
,,36.4,4446'4657'4576
,,40.4,4325'4696'4606
,,44.4,4378'4614'4576
,,48.4,4378'4560'4618
,,52.4,4661'4560'4336
,,56.4,4481'4324'4496
,,60.4,4693'4580'4693
,,64.4,4657'4355'4467
,,68.4,4349'4357'4385
,,72.4,4467'4466'4324
,,76.4,4685'4476'4349
27,4692,4.4,
,,8.4,4351'4511'4523
,,12.4,4523'4585'4351
,,16.4,4577'4577'4398
,,20.4,4359'4511'4556
,,24.4,4497'4656'4656
,,28.4,4597'4574'4530
,,32.4,4605'4497'4530
,,36.4,4523'4681'4534
,,40.4,4523'4435'4579
,,44.4,4470'4334'4435
,,48.4,4511'4656'4511
,,52.4,4470'4522'4633
,,56.4,4633'4506'4506
,,60.4,4583'4656'4563
,,64.4,4303'4558'4422
,,68.4,4455'4307'4524
,,72.4,4334'4577'4334
,,76.4,4392'4418'4418
28,4670,4.4,
,,8.4,4622'4622'4469
,,12.4,4533'4478'4449
,,16.4,4294'4636'4365
,,20.4,4478'4484'4365
,,24.4,4673'4623'4291
,,28.4,4622'4646'4466
,,32.4,4409'4397'4613
,,36.4,4689'4594'4397
,,40.4,4425'4425'4559
,,44.4,4494'4371'4622
,,48.4,4507'4413'4507
,,52.4,4299'4403'4364
,,56.4,4435'4297'4495
,,60.4,4448'4475'4511
,,64.4,4692'4495'4320
,,68.4,4444'4315'4521
,,72.4,4634'4511'4519
,,76.4,4668'4660'4579
29,4681,4.4,
,,8.4,4389'4585'4414
,,12.4,4392'4462'4392
,,16.4,4619'4471'4619
,,20.4,4411'4411'4605
,,24.4,4468'4577'4619
,,28.4,4634'4619'4690
,,32.4,4597'4556'4532
,,36.4,4680'4443'4625
,,40.4,4343'4653'4562
,,44.4,4331'4296'4419
,,48.4,4342'4653'4505
,,52.4,4468'4468'4680
,,56.4,4381'4602'4601
,,60.4,4389'4521'4350
,,64.4,4389'4634'4359
,,68.4,4463'4653'4521
,,72.4,4563'4398'4622
,,76.4,4634'4548'4304
30,4633,4.4,
,,8.4,4342'4470'4550
,,12.4,4303'4574'4574
,,16.4,4526'4656'4526
,,20.4,4515'4677'4629
,,24.4,4511'4311'4435
,,28.4,4334'4334'4375
,,32.4,4392'4562'4340
,,36.4,4311'4422'4418
,,40.4,4582'4631'4631
,,44.4,4399'4521'4550
,,48.4,4644'4639'4422
,,52.4,4359'4350'4641
,,56.4,4680'4561'4438
,,60.4,4368'4311'4452
,,64.4,4376'4630'4408
,,68.4,4487'4408'4540
,,72.4,4443'4522'4419
,,76.4,4331'4420'4640
31,4669,4.4,
,,8.4,4655'4537'4537
,,12.4,4399'4415'4639
,,16.4,4463'4657'4357
,,20.4,4686'4340'4381
,,24.4,4397'4383'4457
,,28.4,4647'4581'4639
,,32.4,4643'4464'4298
,,36.4,4312'4463'4476
,,40.4,4292'4476'4524
,,44.4,4334'4696'4455
,,48.4,4524'4495'4417
,,52.4,4586'4657'4700
,,56.4,4439'4481'4701
,,60.4,4430'4619'4440
,,64.4,4572'4362'4600
,,68.4,4357'4417'4572
,,72.4,4615'4360'4542
,,76.4,4698'4685'4336
32,4592,4.4,
,,8.4,4285'4453'4346
,,12.4,4544'4326'4525
,,16.4,4564'4344'4355
,,20.4,4285'4697'4453
,,24.4,4564'4588'4590
,,28.4,4626'4564'4564
,,32.4,4326'4599'4606
,,36.4,4647'4362'4424
,,40.4,4676'4676'4658
,,44.4,4658'4676'4313
,,48.4,4388'4389'4400
,,52.4,4586'4666'4360
,,56.4,4623'4370'4623
,,60.4,4700'4478'4291
,,64.4,4700'4326'4488
,,68.4,4497'4478'4675
,,72.4,4327'4682'4405
,,76.4,4503'4327'4452
33,4591,4.4,
,,8.4,4424'4424'4535
,,12.4,4477'4401'4355
,,16.4,4308'4446'4401
,,20.4,4450'4514'4469
,,24.4,4626'4663'4467
,,28.4,4449'4485'4367
,,32.4,4314'4615'4449
,,36.4,4497'4622'4389
,,40.4,4338'4400'4370
,,44.4,4518'4478'4666
,,48.4,4497'4542'4478
,,52.4,4389'4488'4389
,,56.4,4415'4575'4291
,,60.4,4425'4285'4618
,,64.4,4314'4543'4407
,,68.4,4606'4698'4297
,,72.4,4699'4372'4285
,,76.4,4363'4432'4424
35,4676,4.4,
,,8.4,4697'4568'4544
,,12.4,4344'4385'4477
,,16.4,4531'4486'4506
,,20.4,4467'4390'4618
,,24.4,4514'4477'4424
,,28.4,4650'4614'4591
,,32.4,4477'4308'4576
,,36.4,4369'4307'4514
,,40.4,4605'4365'4591
,,44.4,4294'4407'4294
,,48.4,4689'4388'4400
,,52.4,4533'4605'4542
,,56.4,4543'4704'4543
,,60.4,4610'4298'4497
,,64.4,4361'4484'4629
,,68.4,4361'4409'4328
,,72.4,4441'4679'4604
,,76.4,4472'4413'4312
36,4615,4.4,
,,8.4,4590'4650'4306
,,12.4,4670'4572'4285
,,16.4,4508'4314'4489
,,20.4,4676'4599'4599
,,24.4,4661'4447'4489
,,28.4,4496'4358'4592
,,32.4,4372'4560'4560
,,36.4,4650'4655'4560
,,40.4,4621'4442'4412
,,44.4,4325'4531'4333
,,48.4,4621'4576'4355
,,52.4,4308'4650'4391
,,56.4,4325'4525'4506
,,60.4,4506'4326'4599
,,64.4,4657'4366'4600
,,68.4,4494'4336'4395
,,72.4,4309'4385'4369
,,76.4,4324'4447'4324
37,4604,4.4,
,,8.4,4527'4398'4611
,,12.4,4611'4585'4611
,,16.4,4351'4398'4611
,,20.4,4398'4597'4597
,,24.4,4639'4597'4320
,,28.4,4610'4639'4545
,,32.4,4616'4603'4545
,,36.4,4639'4639'4293
,,40.4,4602'4398'4475
,,44.4,4398'4601'4315
,,48.4,4364'4611'4639
,,52.4,4364'4394'4545
,,56.4,4448'4545'4304
,,60.4,4394'4648'4652
,,64.4,4622'4670'4648
,,68.4,4574'4634'4448
,,72.4,4427'4522'4458
,,76.4,4545'4364'4622
38,4680,4.4,
,,8.4,4384'4690'4656
,,12.4,4410'4593'4550
,,16.4,4331'4384'4296
,,20.4,4656'4408'4505
,,24.4,4593'4645'4645
,,28.4,4695'4655'4695
,,32.4,4557'4585'4557
,,36.4,4655'4561'4624
,,40.4,4376'4645'4645
,,44.4,4288'4381'4381
,,48.4,4373'4288'4668
,,52.4,4380'4380'4442
,,56.4,4301'4641'4624
,,60.4,4646'4397'4646
,,64.4,4646'4397'4360
,,68.4,4541'4399'4648
,,72.4,4428'4659'4648
,,76.4,4646'4561'4399
39,4685,4.4,
,,8.4,4574'4567'4392
,,12.4,4633'4642'4383
,,16.4,4481'4609'4444
,,20.4,4378'4686'4606
,,24.4,4397'4529'4463
,,28.4,4397'4524'4643
,,32.4,4340'4373'4541
,,36.4,4348'4609'4292
,,40.4,4588'4520'4464
,,44.4,4563'4415'4415
,,48.4,4340'4657'4383
,,52.4,4657'4370'4609
,,56.4,4603'4520'4524
,,60.4,4370'4411'4493
,,64.4,4398'4588'4696
,,68.4,4402'4417'4398
,,72.4,4324'4309'4366
,,76.4,4349'4459'4633
40,4636,4.4,
,,8.4,4370'4506'4648
,,12.4,4528'4478'4627
,,16.4,4510'4360'4623
,,20.4,4291'4291'4510
,,24.4,4648'4569'4291
,,28.4,4574'4684'4574
,,32.4,4478'4338'4539
,,36.4,4642'4591'4670
,,40.4,4370'4684'4569
,,44.4,4592'4673'4666
,,48.4,4658'4666'4630
,,52.4,4488'4666'4338
,,56.4,4543'4484'4623
,,60.4,4632'4689'4605
,,64.4,4568'4478'4605
,,68.4,4553'4542'4570
,,72.4,4629'4542'4531
,,76.4,4397'4629'4314
41,4678,4.4,
,,8.4,4390'4598'4613
,,12.4,4598'4569'4495
,,16.4,4648'4670'4390
,,20.4,4478'4329'4654
,,24.4,4390'4478'4613
,,28.4,4542'4643'4642
,,32.4,4294'4554'4657
,,36.4,4478'4294'4366
,,40.4,4338'4329'4636
,,44.4,4663'4623'4329
,,48.4,4572'4663'4549
,,52.4,4684'4294'4636
,,56.4,4636'4329'4684
,,60.4,4542'4494'4535
,,64.4,4636'4657'4673
,,68.4,4497'4478'4370
,,72.4,4497'4610'4613
,,76.4,4642'4564'4466
42,4607,4.4,
,,8.4,4640'4452'4434
,,12.4,4321'4474'4321
,,16.4,4510'4474'4596
,,20.4,4501'4652'4625
,,24.4,4499'4631'4498
,,28.4,4323'4559'4528
,,32.4,4549'4559'4471
,,36.4,4583'4583'4479
,,40.4,4508'4592'4432
,,44.4,4549'4448'4663
,,48.4,4378'4682'4604
,,52.4,4479'4684'4318
,,56.4,4454'4592'4432
,,60.4,4508'4432'4708
,,64.4,4326'4659'4527
,,68.4,4507'4596'4601
,,72.4,4598'4326'4616
,,76.4,4326'4693'4589
43,4687,4.4,
,,8.4,4419'4428'4302
,,12.4,4419'4420'4573
,,16.4,4641'4540'4668
,,20.4,4419'4668'4380
,,24.4,4428'4540'4428
,,28.4,4540'4630'4540
,,32.4,4420'4573'4419
,,36.4,4419'4420'4518
,,40.4,4428'4301'4454
,,44.4,4454'4420'4573
,,48.4,4428'4573'4555
,,52.4,4555'4419'4548
,,56.4,4420'4343'4343
,,60.4,4358'4339'4512
,,64.4,4540'4454'4573
,,68.4,4420'4339'4573
,,72.4,4421'4573'4556
,,76.4,4352'4356'4459
44,4534,4.4,
,,8.4,4663'4666'4585
,,12.4,4689'4359'4389
,,16.4,4621'4600'4560
,,20.4,4295'4672'4547
,,24.4,4357'4342'4600
,,28.4,4468'4556'4653
,,32.4,4401'4465'4468
,,36.4,4445'4483'4436
,,40.4,4560'4446'4336
,,44.4,4467'4325'4445
,,48.4,4429'4326'4326
,,52.4,4483'4372'4400
,,56.4,4432'4372'4603
,,60.4,4468'4533'4618
,,64.4,4407'4519'4616
,,68.4,4359'4407'4432
,,72.4,4407'4527'4398
,,76.4,4300'4407'4285
45,4559,4.4,
,,8.4,4507'4440'4507
,,12.4,4441'4318'4444
,,16.4,4440'4318'4572
,,20.4,4287'4453'4565
,,24.4,4285'4371'4410
,,28.4,4410'4609'4318
,,32.4,4552'4326'4318
,,36.4,4506'4326'4622
,,40.4,4382'4430'4361
,,44.4,4361'4598'4535
,,48.4,4329'4539'4586
,,52.4,4673'4594'4421
,,56.4,4613'4613'4298
,,60.4,4291'4478'4631
,,64.4,4592'4666'4508
,,68.4,4652'4656'4338
,,72.4,4646'4452'4646
,,76.4,4487'4478'4660
46,4570,4.4,
,,8.4,4290'4663'4663
,,12.4,4289'4553'4509
,,16.4,4401'4539'4622
,,20.4,4676'4346'4349
,,24.4,4346'4401'4516
,,28.4,4634'4484'4450
,,32.4,4416'4344'4446
,,36.4,4534'4346'4484
,,40.4,4349'4516'4469
,,44.4,4336'4344'4446
,,48.4,4469'4453'4546
,,52.4,4485'4509'4509
,,56.4,4525'4326'4344
,,60.4,4662'4286'4698
,,64.4,4314'4365'4647
,,68.4,4365'4697'4313
,,72.4,4338'4488'4534
,,76.4,4503'4338'4509
47,4684,4.4,
,,8.4,4580'4544'4369
,,12.4,4599'4362'4429
,,16.4,4642'4520'4520
,,20.4,4615'4666'4389
,,24.4,4630'4498'4326
,,28.4,4370'4518'4370
,,32.4,4388'4689'4497
,,36.4,4326'4508'4591
,,40.4,4630'4326'4549
,,44.4,4549'4666'4497
,,48.4,4676'4676'4488
,,52.4,4370'4591'4594
,,56.4,4326'4363'4666
,,60.4,4632'4646'4326
,,64.4,4338'4326'4623
,,68.4,4291'4631'4610
,,72.4,4421'4507'4564
,,76.4,4474'4406'4406
48,4563,4.4,
,,8.4,4439'4479'4530
,,12.4,4318'4613'4333
,,16.4,4489'4544'4489
,,20.4,4655'4329'4347
,,24.4,4440'4554'4609
,,28.4,4356'4535'4367
,,32.4,4609'4318'4324
,,36.4,4466'4567'4600
,,40.4,4578'4476'4686
,,44.4,4430'4476'4349
,,48.4,4677'4357'4494
,,52.4,4440'4606'4480
,,56.4,4696'4318'4606
,,60.4,4403'4631'4696
,,64.4,4378'4682'4455
,,68.4,4537'4417'4626
,,72.4,4417'4340'4600
,,76.4,4418'4692'4615
49,4606,4.4,
,,8.4,4599'4306'4557
,,12.4,4686'4578'4626
,,16.4,4326'4524'4477
,,20.4,4477'4344'4600
,,24.4,4645'4481'4524
,,28.4,4645'4568'4567
,,32.4,4614'4467'4438
,,36.4,4621'4385'4476
,,40.4,4438'4385'4447
,,44.4,4357'4516'4570
,,48.4,4476'4355'4576
,,52.4,4447'4503'4553
,,56.4,4496'4391'4467
,,60.4,4403'4395'4599
,,64.4,4576'4489'4661
,,68.4,4576'4496'4536
,,72.4,4289'4344'4599
,,76.4,4326'4373'4412
50,4593,4.4,
,,8.4,4665'4531'4531
,,12.4,4511'4440'4441
,,16.4,4441'4371'4479
,,20.4,4563'4638'4638
,,24.4,4656'4665'4413
,,28.4,4612'4530'4620
,,32.4,4640'4513'4646
,,36.4,4648'4609'4384
,,40.4,4610'4494'4494
,,44.4,4452'4434'4648
,,48.4,4403'4474'4299
,,52.4,4669'4471'4395
,,56.4,4673'4498'4625
,,60.4,4584'4652'4479
,,64.4,4395'4435'4455
,,68.4,4395'4584'4299
,,72.4,4480'4700'4508
,,76.4,4371'4326'4440
51,4584,4.4,
,,8.4,4598'4554'4479
,,12.4,4479'4559'4335
,,16.4,4371'4441'4480
,,20.4,4598'4337'4441
,,24.4,4337'4382'4480
,,28.4,4507'4594'4455
,,32.4,4318'4480'4507
,,36.4,4318'4506'4700
,,40.4,4441'4480'4563
,,44.4,4559'4318'4565
,,48.4,4285'4675'4318
,,52.4,4440'4537'4610
,,56.4,4477'4524'4524
,,60.4,4355'4318'4410
,,64.4,4513'4318'4507
,,68.4,4384'4300'4335
,,72.4,4395'4676'4612
,,76.4,4455'4455'4326
52,4507,4.4,
,,8.4,4382'4461'4581
,,12.4,4602'4299'4418
,,16.4,4530'4584'4382
,,20.4,4559'4439'4371
,,24.4,4541'4441'4480
,,28.4,4318'4318'4337
,,32.4,4670'4371'4371
,,36.4,4430'4598'4441
,,40.4,4506'4632'4632
,,44.4,4675'4371'4439
,,48.4,4418'4440'4335
,,52.4,4612'4441'4335
,,56.4,4318'4524'4524
,,60.4,4629'4453'4355
,,64.4,4575'4575'4598
,,68.4,4440'4410'4326
,,72.4,4410'4583'4440
,,76.4,4598'4410'4598
53,4590,4.4,
,,8.4,4307'4574'4353
,,12.4,4485'4286'4588
,,16.4,4614'4416'4416
,,20.4,4349'4450'4516
,,24.4,4469'4416'4477
,,28.4,4307'4308'4477
,,32.4,4446'4401'4355
,,36.4,4314'4349'4355
,,40.4,4446'4416'4560
,,44.4,4503'4564'4346
,,48.4,4314'4336'4690
,,52.4,4336'4535'4346
,,56.4,4349'4585'4307
,,60.4,4314'4349'4355
,,64.4,4446'4453'4557
,,68.4,4450'4446'4547
,,72.4,4416'4553'4578
,,76.4,4314'4307'4355
54,4557,4.4,
,,8.4,4600'4366'4538
,,12.4,4347'4321'4373
,,16.4,4538'4426'4620
,,20.4,4617'4383'4615
,,24.4,4640'4621'4615
,,28.4,4321'4383'4429
,,32.4,4290'4321'4354
,,36.4,4465'4543'4424
,,40.4,4424'4291'4390
,,44.4,4614'4496'4625
,,48.4,4516'4590'4655
,,52.4,4603'4525'4465
,,56.4,4401'4620'4535
,,60.4,4443'4624'4294
,,64.4,4690'4485'4296
,,68.4,4620'4449'4420
,,72.4,4493'4478'4478
,,76.4,4420'4428'4343
55,4597,4.4,
,,8.4,4577'4631'4534
,,12.4,4681'4681'4585
,,16.4,4359'4577'4583
,,20.4,4534'4638'4534
,,24.4,4577'4625'4398
,,28.4,4534'4462'4577
,,32.4,4462'4693'4653
,,36.4,4420'4634'4519
,,40.4,4519'4634'4519
,,44.4,4653'4443'4483
,,48.4,4296'4343'4468
,,52.4,4376'4519'4400
,,56.4,4292'4616'4442
,,60.4,4373'4534'4681
,,64.4,4373'4602'4380
,,68.4,4541'4351'4534
,,72.4,4381'4641'4609
,,76.4,4293'4364'4315
56,4630,4.4,
,,8.4,4306'4647'4285
,,12.4,4422'4313'4482
,,16.4,4571'4615'4683
,,20.4,4520'4615'4520
,,24.4,4396'4497'4415
,,28.4,4675'4419'4575
,,32.4,4666'4659'4389
,,36.4,4497'4518'4518
,,40.4,4360'4666'4291
,,44.4,4540'4703'4540
,,48.4,4306'4454'4428
,,52.4,4555'4388'4512
,,56.4,4396'4587'4571
,,60.4,4482'4591'4594
,,64.4,4396'4660'4306
,,68.4,4627'4627'4633
,,72.4,4285'4313'4342
,,76.4,4285'4314'4432
57,4580,4.4,
,,8.4,4650'4564'4588
,,12.4,4658'4346'4588
,,16.4,4396'4465'4424
,,20.4,4290'4634'4354
,,24.4,4543'4467'4290
,,28.4,4614'4661'4618
,,32.4,4570'4614'4477
,,36.4,4599'4605'4467
,,40.4,4554'4477'4553
,,44.4,4393'4329'4369
,,48.4,4350'4650'4355
,,52.4,4576'4438'4560
,,56.4,4553'4393'4347
,,60.4,4336'4496'4325
,,64.4,4349'4606'4393
,,68.4,4447'4393'4494
,,72.4,4466'4477'4322
,,76.4,4326'4467'4325
58,4690,4.4,
,,8.4,4538'4538'4309
,,12.4,4366'4487'4554
,,16.4,4296'4476'4538
,,20.4,4544'4412'4408
,,24.4,4583'4532'4440
,,28.4,4572'4420'4680
,,32.4,4514'4514'4467
,,36.4,4314'4676'4344
,,40.4,4557'4564'4695
,,44.4,4487'4681'4420
,,48.4,4532'4575'4343
,,52.4,4428'4620'4420
,,56.4,4331'4408'4689
,,60.4,4456'4425'4497
,,64.4,4331'4328'4540
,,68.4,4679'4653'4610
,,72.4,4452'4653'4519
,,76.4,4300'4364'4591
59,4619,4.4,
,,8.4,4591'4377'4580
,,12.4,4429'4575'4467
,,16.4,4553'4420'4680
,,20.4,4570'4388'4437
,,24.4,4615'4429'4358
,,28.4,4561'4289'4546
,,32.4,4535'4695'4599
,,36.4,4296'4476'4296
,,40.4,4447'4561'4461
,,44.4,4347'4309'4580
,,48.4,4411'4366'4369
,,52.4,4466'4324'4406
,,56.4,4438'4438'4406
,,60.4,4459'4368'4398
,,64.4,4368'4309'4461
,,68.4,4447'4347'4685
,,72.4,4447'4286'4336
,,76.4,4349'4350'4347
60,4631,4.4,
,,8.4,4462'4420'4414
,,12.4,4363'4343'4296
,,16.4,4641'4557'4363
,,20.4,4452'4442'4452
,,24.4,4617'4438'4380
,,28.4,4565'4559'4363
,,32.4,4399'4565'4452
,,36.4,4474'4474'4669
,,40.4,4418'4418'4347
,,44.4,4340'4541'4392
,,48.4,4461'4586'4586
,,52.4,4586'4513'4326
,,56.4,4507'4612'4584
,,60.4,4658'4440'4629
,,64.4,4530'4326'4507
,,68.4,4629'4535'4568
,,72.4,4642'4569'4494
,,76.4,4432'4564'4478
61,4545,4.4,
,,8.4,4527'4422'4653
,,12.4,4664'4427'4628
,,16.4,4320'4601'4597
,,20.4,4398'4611'4691
,,24.4,4427'4458'4481
,,28.4,4627'4481'4458
,,32.4,4581'4627'4293
,,36.4,4304'4300'4297
,,40.4,4611'4475'4300
,,44.4,4300'4628'4611
,,48.4,4300'4405'4475
,,52.4,4556'4458'4611
,,56.4,4611'4423'4522
,,60.4,4694'4628'4639
,,64.4,4405'4602'4581
,,68.4,4668'4602'4601
,,72.4,4607'4400'4616
,,76.4,4423'4400'4562
62,4543,4.4,
,,8.4,4539'4537'4301
,,12.4,4436'4575'4509
,,16.4,4390'4484'4436
,,20.4,4661'4631'4486
,,24.4,4437'4532'4419
,,28.4,4390'4437'4561
,,32.4,4469'4450'4693
,,36.4,4680'4450'4680
,,40.4,4688'4414'4623
,,44.4,4428'4414'4478
,,48.4,4624'4681'4443
,,52.4,4376'4681'4419
,,56.4,4374'4640'4409
,,60.4,4602'4368'4690
,,64.4,4368'4452'4458
,,68.4,4292'4315'4364
,,72.4,4320'4288'4634
,,76.4,4464'4380'4597
63,4572,4.4,
,,8.4,4365'4361'4294
,,12.4,4531'4506'4382
,,16.4,4535'4636'4533
,,20.4,4528'4469'4472
,,24.4,4485'4569'4539
,,28.4,4472'4469'4472
,,32.4,4614'4642'4623
,,36.4,4478'4436'4291
,,40.4,4542'4547'4663
,,44.4,4518'4498'4298
,,48.4,4505'4654'4518
,,52.4,4666'4592'4372
,,56.4,4594'4478'4446
,,60.4,4338'4466'4686
,,64.4,4289'4686'4646
,,68.4,4494'4542'4636
,,72.4,4478'4570'4570
,,76.4,4503'4689'4466
64,4618,4.4,
,,8.4,4623'4590'4291
,,12.4,4614'4467'4390
,,16.4,4353'4485'4469
,,20.4,4346'4472'4662
,,24.4,4469'4416'4308
,,28.4,4613'4416'4469
,,32.4,4307'4553'4613
,,36.4,4346'4472'4450
,,40.4,4429'4469'4346
,,44.4,4532'4344'4564
,,48.4,4344'4314'4469
,,52.4,4576'4467'4585
,,56.4,4570'4647'4503
,,60.4,4489'4407'4285
,,64.4,4415'4306'4697
,,68.4,4552'4365'4534
,,72.4,4666'4697'4666
,,76.4,4498'4666'4338
65,4552,4.4,
,,8.4,4560'4295'4367
,,12.4,4677'4579'4544
,,16.4,4576'4544'4333
,,20.4,4559'4563'4544
,,24.4,4333'4318'4544
,,28.4,4509'4412'4599
,,32.4,4416'4546'4503
,,36.4,4684'4615'4489
,,40.4,4466'4295'4466
,,44.4,4333'4645'4518
,,48.4,4360'4360'4412
,,52.4,4446'4549'4325
,,56.4,4373'4496'4360
,,60.4,4467'4486'4344
,,64.4,4537'4646'4469
,,68.4,4557'4338'4689
,,72.4,4666'4618'4478
,,76.4,4557'4484'4484
66,4533,4.4,
,,8.4,4520'4291'4400
,,12.4,4528'4338'4528
,,16.4,4365'4291'4291
,,20.4,4400'4615'4666
,,24.4,4615'4478'4636
,,28.4,4425'4314'4663
,,32.4,4397'4397'4585
,,36.4,4338'4313'4372
,,40.4,4478'4372'4432
,,44.4,4497'4364'4610
,,48.4,4285'4615'4432
,,52.4,4306'4580'4314
,,56.4,4372'4314'4521
,,60.4,4698'4389'4306
,,64.4,4547'4314'4578
,,68.4,4429'4326'4417
,,72.4,4400'4578'4468
,,76.4,4468'4616'4468
67,4560,4.4,
,,8.4,4391'4672'4676
,,12.4,4634'4295'4289
,,16.4,4621'4416'4333
,,20.4,4325'4372'4295
,,24.4,4595'4429'4429
,,28.4,4353'4509'4496
,,32.4,4496'4568'4467
,,36.4,4546'4290'4496
,,40.4,4390'4424'4467
,,44.4,4535'4344'4388
,,48.4,4489'4553'4401
,,52.4,4453'4621'4336
,,56.4,4503'4390'4484
,,60.4,4390'4453'4514
,,64.4,4416'4477'4614
,,68.4,4621'4554'4614
,,72.4,4344'4484'4477
,,76.4,4372'4453'4477
68,4646,4.4,
,,8.4,4337'4326'4598
,,12.4,4390'4298'4535
,,16.4,4390'4648'4569
,,20.4,4673'4338'4432
,,24.4,4631'4631'4625
,,28.4,4682'4673'4569
,,32.4,4688'4488'4361
,,36.4,4387'4399'4508
,,40.4,4413'4497'4360
,,44.4,4654'4630'4497
,,48.4,4388'4411'4654
,,52.4,4497'4666'4400
,,56.4,4605'4591'4388
,,60.4,4534'4623'4632
,,64.4,4623'4320'4396
,,68.4,4623'4313'4320
,,72.4,4380'4473'4512
,,76.4,4388'4400'4659
69,4668,4.4,
,,8.4,4473'4673'4557
,,12.4,4438'4373'4360
,,16.4,4671'4569'4380
,,20.4,4569'4674'4671
,,24.4,4399'4540'4667
,,28.4,4639'4380'4548
,,32.4,4641'4343'4617
,,36.4,4330'4631'4397
,,40.4,4386'4581'4339
,,44.4,4664'4641'4602
,,48.4,4641'4482'4422
,,52.4,4311'4422'4399
,,56.4,4334'4375'4641
,,60.4,4397'4562'4522
,,64.4,4627'4627'4633
,,68.4,4648'4574'4400
,,72.4,4342'4602'4581
,,76.4,4625'4348'4641
70,4652,4.4,
,,8.4,4452'4583'4499
,,12.4,4405'4607'4510
,,16.4,4445'4510'4583
,,20.4,4363'4499'4445
,,24.4,4501'4498'4475
,,28.4,4582'4549'4663
,,32.4,4508'4479'4409
,,36.4,4583'4683'4421
,,40.4,4499'4559'4318
,,44.4,4499'4448'4421
,,48.4,4318'4498'4498
,,52.4,4481'4508'4592
,,56.4,4454'4704'4704
,,60.4,4454'4549'4363
,,64.4,4659'4363'4326
,,68.4,4345'4345'4363
,,72.4,4345'4598'4345
,,76.4,4551'4603'4363
71,4517,4.4,
,,8.4,4340'4468'4567
,,12.4,4642'4383'4381
,,16.4,4671'4643'4454
,,20.4,4348'4415'4609
,,24.4,4671'4317'4643
,,28.4,4370'4348'4657
,,32.4,4288'4667'4667
,,36.4,4512'4376'4691
,,40.4,4422'4589'4422
,,44.4,4462'4328'4589
,,48.4,4394'4488'4323
,,52.4,4589'4316'4407
,,56.4,4306'4407'4376
,,60.4,4306'4376'4306
,,64.4,4691'4488'4316
,,68.4,4376'4316'4462
,,72.4,4642'4306'4462
,,76.4,4462'4488'4316
72,4679,4.4,
,,8.4,4556'4497'4603
,,12.4,4448'4345'4683
,,16.4,4458'4527'4315
,,20.4,4545'4616'4475
,,24.4,4664'4427'4394
,,28.4,4683'4581'4512
,,32.4,4398'4398'4683
,,36.4,4320'4603'4378
,,40.4,4448'4527'4639
,,44.4,4320'4320'4577
,,48.4,4577'4581'4398
,,52.4,4611'4602'4293
,,56.4,4448'4394'4300
,,60.4,4652'4458'4458
,,64.4,4527'4622'4293
,,68.4,4574'4448'4501
,,72.4,4300'4652'4622
,,76.4,4427'4317'4458
73,4675,4.4,
,,8.4,4399'4480'4639
,,12.4,4569'4444'4315
,,16.4,4561'4315'4360
,,20.4,4562'4375'4340
,,24.4,4513'4303'4593
,,28.4,4461'4395'4455
,,32.4,4612'4648'4335
,,36.4,4318'4458'4612
,,40.4,4361'4440'4703
,,44.4,4473'4449'4449
,,48.4,4480'4680'4473
,,52.4,4531'4554'4697
,,56.4,4502'4360'4591
,,60.4,4400'4400'4313
,,64.4,4415'4605'4654
,,68.4,4630'4291'4473
,,72.4,4534'4320'4291
,,76.4,4370'4370'4396
74,4561,4.4,
,,8.4,4408'4673'4569
,,12.4,4480'4673'4682
,,16.4,4543'4343'4543
,,20.4,4376'4331'4419
,,24.4,4343'4569'4659
,,28.4,4343'4555'4585
,,32.4,4557'4402'4331
,,36.4,4376'4402'4505
,,40.4,4505'4620'4376
,,44.4,4603'4530'4577
,,48.4,4381'4288'4288
,,52.4,4695'4452'4633
,,56.4,4521'4442'4441
,,60.4,4695'4548'4699
,,64.4,4668'4348'4359
,,68.4,4487'4625'4361
,,72.4,4371'4434'4521
,,76.4,4579'4487'4684
75,4663,4.4,
,,8.4,4377'4309'4459
,,12.4,4560'4326'4621
,,16.4,4287'4560'4672
,,20.4,4319'4592'4416
,,24.4,4355'4568'4618
,,28.4,4588'4372'4363
,,32.4,4508'4508'4565
,,36.4,4470'4497'4370
,,40.4,4497'4326'4389
,,44.4,4488'4400'4518
,,48.4,4388'4470'4400
,,52.4,4370'4630'4360
,,56.4,4623'4697'4666
,,60.4,4508'4363'4697
,,64.4,4318'4610'4646
,,68.4,4675'4654'4618
,,72.4,4666'4478'4361
,,76.4,4592'4321'4675
76,4641,4.4,
,,8.4,4480'4331'4675
,,12.4,4473'4668'4499
,,16.4,4502'4442'4288
,,20.4,4671'4473'4464
,,24.4,4667'4603'4617
,,28.4,4603'4399'4603
,,32.4,4399'4399'4343
,,36.4,4581'4502'4420
,,40.4,4399'4644'4644
,,44.4,4341'4633'4644
,,48.4,4602'4587'4399
,,52.4,4633'4551'4431
,,56.4,4463'4397'4431
,,60.4,4551'4399'4399
,,64.4,4551'4408'4522
,,68.4,4334'4630'4397
,,72.4,4399'4633'4445
,,76.4,4581'4601'4445
77,4609,4.4,
,,8.4,4546'4554'4298
,,12.4,4447'4338'4546
,,16.4,4533'4655'4336
,,20.4,4506'4600'4362
,,24.4,4382'4378'4563
,,28.4,4524'4600'4361
,,32.4,4378'4552'4371
,,36.4,4466'4403'4368
,,40.4,4606'4378'4395
,,44.4,4511'4481'4593
,,48.4,4303'4415'4579
,,52.4,4536'4647'4642
,,56.4,4474'4523'4315
,,60.4,4463'4574'4463
,,64.4,4288'4417'4399
,,68.4,4397'4579'4685
,,72.4,4574'4674'4698
,,76.4,4417'4481'4588
78,4635,4.4,
,,8.4,4428'4428'4521
,,12.4,4460'4420'4420
,,16.4,4343'4668'4343
,,20.4,4548'4668'4330
,,24.4,4343'4641'4454
,,28.4,4343'4419'4301
,,32.4,4343'4548'4548
,,36.4,4343'4518'4454
,,40.4,4659'4518'4428
,,44.4,4454'4659'4420
,,48.4,4301'4420'4454
,,52.4,4428'4454'4419
,,56.4,4419'4454'4454
,,60.4,4454'4540'4428
,,64.4,4550'4550'4420
,,68.4,4454'4512'4659
,,72.4,4454'4343'4290
,,76.4,4420'4419'4454
79,4501,4.4,
,,8.4,4487'4474'4624
,,12.4,4452'4607'4452
,,16.4,4640'4452'4640
,,20.4,4321'4474'4323
,,24.4,4323'4596'4682
,,28.4,4583'4445'4318
,,32.4,4363'4625'4499
,,36.4,4684'4311'4583
,,40.4,4607'4508'4583
,,44.4,4363'4704'4508
,,48.4,4592'4683'4664
,,52.4,4363'4592'4682
,,56.4,4682'4421'4421
,,60.4,4549'4607'4326
,,64.4,4363'4507'4454
,,68.4,4659'4432'4611
,,72.4,4363'4628'4326
,,76.4,4612'4423'4598
80,4689,4.4,
,,8.4,4432'4363'4407
,,12.4,4684'4314'4314
,,16.4,4415'4520'4432
,,20.4,4363'4389'4681
,,24.4,4285'4651'4407
,,28.4,4663'4658'4285
,,32.4,4363'4592'4475
,,36.4,4601'4448'4314
,,40.4,4407'4676'4285
,,44.4,4338'4527'4345
,,48.4,4407'4285'4533
,,52.4,4374'4425'4396
,,56.4,4388'4435'4397
,,60.4,4370'4320'4303
,,64.4,4591'4531'4534
,,68.4,4534'4470'4291
,,72.4,4553'4630'4338
,,76.4,4660'4338'4636
81,4596,4.4,
,,8.4,4432'4421'4628
,,12.4,4512'4528'4528
,,16.4,4611'4318'4528
,,20.4,4432'4663'4432
,,24.4,4663'4684'4421
,,28.4,4421'4498'4684
,,32.4,4421'4565'4326
,,36.4,4504'4522'4565
,,40.4,4374'4536'4326
,,44.4,4341'4293'4326
,,48.4,4421'4684'4557
,,52.4,4655'4471'4559
,,56.4,4528'4498'4406
,,60.4,4323'4686'4406
,,64.4,4412'4321'4603
,,68.4,4691'4589'4589
,,72.4,4286'4589'4694
,,76.4,4601'4441'4286
82,4555,4.4,
,,8.4,4523'4371'4286
,,12.4,4659'4331'4504
,,16.4,4627'4451'4627
,,20.4,4374'4627'4412
,,24.4,4529'4627'4374
,,28.4,4316'4412'4374
,,32.4,4374'4638'4286
,,36.4,4686'4680'4561
,,40.4,4286'4316'4412
,,44.4,4627'4374'4412
,,48.4,4286'4286'4693
,,52.4,4343'4567'4380
,,56.4,4374'4691'4412
,,60.4,4573'4316'4659
,,64.4,4687'4683'4374
,,68.4,4691'4683'4711
,,72.4,4619'4558'4587
83,4568,4.4,
,,8.4,4543'4621'4600
,,12.4,4672'4396'4514
,,16.4,4553'4591'4357
,,20.4,4637'4591'4605
,,24.4,4349'4472'4437
,,28.4,4591'4632'4485
,,32.4,4469'4319'4613
,,36.4,4469'4613'4484
,,40.4,4344'4349'4453
,,44.4,4450'4319'4532
,,48.4,4450'4477'4484
,,52.4,4496'4546'4525
,,56.4,4613'4651'4388
,,60.4,4697'4363'4542
,,64.4,4564'4294'4415
,,68.4,4497'4537'4365
,,72.4,4497'4708'4497
,,76.4,4674'4636'4329
84,4666,4.4,
,,8.4,4306'4626'4626
,,12.4,4342'4363'4633
,,16.4,4526'4407'4539
,,20.4,4432'4306'4306
,,24.4,4549'4415'4422
,,28.4,4432'4592'4658
,,32.4,4615'4615'4302
,,36.4,4551'4330'4592
,,40.4,4396'4564'4306
,,44.4,4703'4658'4555
,,48.4,4470'4388'4415
,,52.4,4689'4497'4389
,,56.4,4605'4654'4470
,,60.4,4497'4605'4313
,,64.4,4370'4618'4570
,,68.4,4414'4534'4623
,,72.4,4320'4695'4291
,,76.4,4399'4630'4291
85,4519,4.4,
,,8.4,4611'4556'4297
,,12.4,4628'4394'4351
,,16.4,4583'4300'4398
,,20.4,4414'4320'4638
,,24.4,4681'4619'4392
,,28.4,4681'4562'4536
,,32.4,4625'4532'4532
,,36.4,4398'4468'4293
,,40.4,4681'4476'4690
,,44.4,4543'4543'4681
,,48.4,4487'4445'4681
,,52.4,4296'4414'4343
,,56.4,4420'4296'4487
,,60.4,4414'4343'4543
,,64.4,4296'4653'4540
,,68.4,4493'4543'4400
,,72.4,4660'4368'4628
,,76.4,4533'4380'4533
86,4575,4.4,
,,8.4,4346'4453'4465
,,12.4,4618'4453'4670
,,16.4,4496'4496'4355
,,20.4,4580'4591'4590
,,24.4,4372'4326'4663
,,28.4,4294'4636'4363
,,32.4,4613'4666'4622
,,36.4,4389'4478'4594
,,40.4,4508'4533'4470
,,44.4,4634'4549'4389
,,48.4,4389'4488'4400
,,52.4,4535'4543'4478
,,56.4,4338'4291'4478
,,60.4,4535'4565'4552
,,64.4,4554'4484'4456
,,68.4,4313'4591'4669
,,72.4,4577'4425'4532
,,76.4,4700'4384'4435
87,4537,4.4,
,,8.4,4378'4567'4481
,,12.4,4606'4481'4415
,,16.4,4399'4657'4362
,,20.4,4298'4312'4464
,,24.4,4381'4315'4606
,,28.4,4312'4463'4494
,,32.4,4600'4567'4481
,,36.4,4513'4499'4647
,,40.4,4610'4647'4530
,,44.4,4383'4480'4476
,,48.4,4495'4536'4677
,,52.4,4678'4473'4410
,,56.4,4415'4696'4678
,,60.4,4636'4704'4580
,,64.4,4657'4389'4378
,,68.4,4432'4698'4580
,,72.4,4368'4481'4621
,,76.4,4619'4546'4368
88,4664,4.4,
,,8.4,4339'4548'4482
,,12.4,4558'4587'4635
,,16.4,4422'4423'4635
,,20.4,4596'4423'4687
,,24.4,4378'4628'4330
,,28.4,4423'4628'4352
,,32.4,4422'4423'4460
,,36.4,4378'4422'4527
,,40.4,4582'4604'4635
,,44.4,4422'4482'4460
,,48.4,4630'4659'4460
,,52.4,4582'4571'4341
,,56.4,4582'4571'4302
89,4645,4.4,
,,8.4,4576'4367'4329
,,12.4,4356'4495'4385
,,16.4,4356'4546'4674
,,20.4,4356'4301'4669
,,24.4,4367'4292'4350
,,28.4,4542'4426'4367
,,32.4,4333'4672'4620
,,36.4,4295'4321'4505
,,40.4,4373'4486'4433
,,44.4,4614'4390'4467
,,48.4,4486'4503'4437
,,52.4,4465'4640'4424
,,56.4,4621'4585'4599
,,60.4,4420'4653'4503
,,64.4,4570'4662'4346
,,68.4,4613'4629'4547
,,72.4,4655'4487'4420
,,76.4,4365'4449'4343
90,4605,4.4,
,,8.4,4630'4351'4426
,,12.4,4526'4546'4342
,,16.4,4354'4445'4356
,,20.4,4287'4546'4426
,,24.4,4595'4560'4621
,,28.4,4468'4485'4437
,,32.4,4562'4445'4468
,,36.4,4653'4514'4483
,,40.4,4662'4650'4514
,,44.4,4320'4468'4483
,,48.4,4701'4521'4372
,,52.4,4363'4342'4306
,,56.4,4493'4313'4568
,,60.4,4314'4313'4653
,,64.4,4306'4639'4359
,,68.4,4503'4533'4320
,,72.4,4519'4600'4320
,,76.4,4314'4351'4427
91,4656,4.4,
,,8.4,4335'4384'4335
,,12.4,4515'4579'4540
,,16.4,4555'4593'4384
,,20.4,4511'4507'4384
,,24.4,4395'4574'4507
,,28.4,4331'4384'4612
,,32.4,4413'4384'4511
,,36.4,4403'4434'4296
,,40.4,4387'4327'4494
,,44.4,4474'4395'4674
,,48.4,4670'4395'4452
,,52.4,4406'4299'4452
,,56.4,4528'4452'4299
,,60.4,4395'4565'4663
,,64.4,4705'4682'4405
,,68.4,4673'4586'4479
,,72.4,4598'4539'4507
,,76.4,4435'4395'4395
92,4532,4.4,
,,8.4,4350'4291'4388
,,12.4,4388'4624'4585
,,16.4,4662'4650'4440
,,20.4,4396'4383'4436
,,24.4,4557'4433'4618
,,28.4,4290'4343'4396
,,32.4,4484'4661'4695
,,36.4,4428'4307'4414
,,40.4,4450'4469'4688
,,44.4,4487'4419'4365
,,48.4,4681'4487'4414
,,52.4,4428'4420'4478
,,56.4,4585'4690'4585
,,60.4,4376'4456'4690
,,64.4,4610'4604'4690
,,68.4,4394'4364'4577
,,72.4,4292'4622'4315
,,76.4,4373'4680'4293
93,4594,4.4,
,,8.4,4519'4397'4593
,,12.4,4523'4472'4456
,,16.4,4601'4586'4439
,,20.4,4584'4611'4694
,,24.4,4574'4458'4397
,,28.4,4328'4435'4435
,,32.4,4598'4506'4338
,,36.4,4498'4495'4643
,,40.4,4673'4478'4613
,,44.4,4508'4539'4684
,,48.4,4549'4488'4518
,,52.4,4320'4313'4543
,,56.4,4632'4470'4365
,,60.4,4547'4291'4570
,,64.4,4698'4449'4432
,,68.4,4531'4553'4472
,,72.4,4467'4552'4554
,,76.4,4346'4344'4614
94,4623,4.4,
,,8.4,4485'4485'4575
,,12.4,4498'4533'4508
,,16.4,4365'4470'4365
,,20.4,4642'4365'4498
,,24.4,4666'4338'4400
,,28.4,4400'4303'4688
,,32.4,4484'4478'4478
,,36.4,4670'4484'4497
,,40.4,4338'4365'4622
,,44.4,4388'4338'4676
,,48.4,4542'4303'4478
,,52.4,4535'4478'4291
,,56.4,4291'4704'4338
,,60.4,4320'4400'4425
,,64.4,4294'4313'4553
,,68.4,4425'4374'4363
,,72.4,4478'4305'4604
,,76.4,4305'4604'4407
95,4512,4.4,
,,8.4,4571'4611'4493
,,12.4,4386'4423'4601
,,16.4,4423'4635'4558
,,20.4,4558'4573'4573
,,24.4,4558'4431'4330
,,28.4,4378'4460'4378
,,32.4,4423'4635'4339
,,36.4,4518'4339'4339
,,40.4,4666'4339'4551
,,44.4,4378'4582'4527
,,48.4,4422'4482'4378
,,52.4,4652'4422'4343
,,56.4,4607'4343'4664
,,60.4,4473'4604'4604
,,64.4,4481'4473'4675
,,68.4,4481'4679'4703
,,72.4,4473'4571'4360
,,76.4,4527'4380'4365
96,4558,4.4,
,,8.4,4641'4521'4551
,,12.4,4343'4641'4343
,,16.4,4358'4358'4428
,,20.4,4290'4343'4339
,,24.4,4420'4343'4548
,,28.4,4420'4668'4290
,,32.4,4377'4573'4330
,,36.4,4330'4421'4635
,,40.4,4459'4573'4352
,,44.4,4356'4551'4341
,,48.4,4635'4295'4330
,,52.4,4295'4687'4330
,,56.4,4555'4354'4302
,,60.4,4302'4423'4587
,,64.4,4404'4696'4302
,,68.4,4582'4426'4351
,,72.4,4426'4683'4696
,,76.4,4295'4422'4287
97,4556,4.4,
,,8.4,4519'4402'4305
,,12.4,4305'4585'4519
,,16.4,4316'4341'4389
,,20.4,4286'4653'4625
,,24.4,4412'4400'4597
,,28.4,4589'4638'4470
,,32.4,4445'4686'4316
,,36.4,4493'4521'4519
,,40.4,4374'4493'4536
,,44.4,4375'4653'4536
,,48.4,4633'4562'4589
,,52.4,4529'4567'4316
,,56.4,4664'4316'4619
,,60.4,4558'4374'4555
,,64.4,4596'4587'4386
,,68.4,4316'4573'4330
,,72.4,4540'4680'4540
,,76.4,4420'4451'4428
98,4567,4.4,
,,8.4,4505'4516'4309
,,12.4,4505'4309'4347
,,16.4,4551'4347'4438
,,20.4,4309'4393'4366
,,24.4,4393'4405'4447
,,28.4,4459'4447'4459
,,32.4,4374'4645'4451
,,36.4,4350'4393'4316
,,40.4,4395'4347'4471
,,44.4,4403'4529'4506
,,48.4,4471'4529'4293
,,52.4,4305'4442'4653
,,56.4,4546'4509'4341
,,60.4,4358'4525'4503
,,64.4,4590'4504'4544
,,68.4,4544'4560'4462
,,72.4,4388'4390'4420
,,76.4,4343'4437'4296
99,4493,4.4,
,,8.4,4420'4583'4558
,,12.4,4316'4374'4627
,,16.4,4451'4625'4665
,,20.4,4630'4412'4502
,,24.4,4431'4683'4374
,,28.4,4589'4589'4422
,,32.4,4408'4316'4286
,,36.4,4334'4582'4311
,,40.4,4286'4567'4686
,,44.4,4589'4668'4567
,,48.4,4653'4412'4668
,,52.4,4633'4567'4562
,,56.4,4316'4297'4522
,,60.4,4562'4462'4562
,,64.4,4487'4487'4470
,,68.4,4443'4532'4487
,,72.4,4468'4639'4342
,,76.4,4660'4504'4381
100,4569,4.4,
,,8.4,4360'4648'4338
,,12.4,4389'4370'4320
,,16.4,4651'4615'4630
,,20.4,4498'4473'4388
,,24.4,4688'4539'4488
,,28.4,4680'4630'4518
,,32.4,4677'4630'4320
,,36.4,4524'4320'4396
,,40.4,4400'4470'4320
,,44.4,4666'4389'4389
,,48.4,4331'4379'4370
,,52.4,4434'4488'4291
,,56.4,4400'4673'4689
,,60.4,4323'4684'4323
,,64.4,4666'4625'4625
,,68.4,4697'4479'4534
,,72.4,4612'4503'4610
,,76.4,4662'4363'4583
101,4574,4.4,
,,8.4,4299'4602'4303
,,12.4,4307'4694'4562
,,16.4,4478'4692'4593
,,20.4,4559'4565'4478
,,24.4,4507'4409'4594
,,28.4,4397'4612'4403
,,32.4,4403'4413'4328
,,36.4,4403'4533'4395
,,40.4,4384'4611'4435
,,44.4,4403'4345'4384
,,48.4,4448'4513'4610
,,52.4,4511'4334'4455
,,56.4,4545'4392'4475
,,60.4,4444'4320'4681
,,64.4,4670'4550'4521
,,68.4,4320'4523'4392
,,72.4,4359'4543'4660
,,76.4,4392'4468'4350
102,4551,4.4,
,,8.4,4653'4694'4317
,,12.4,4365'4675'4360
,,16.4,4301'4641'4454
,,20.4,4641'4420'4343
,,24.4,4405'4573'4419
,,28.4,4419'4668'4310
,,32.4,4635'4493'4420
,,36.4,4627'4330'4310
,,40.4,4518'4412'4451
,,44.4,4339'4630'4630
,,48.4,4573'4653'4352
,,52.4,4423'4529'4630
,,56.4,4555'4460'4683
,,60.4,4571'4596'4686
,,64.4,4422'4582'4412
,,68.4,4555'4685'4555
,,72.4,4685'4408'4691
,,76.4,4286'4374'4374
103,4691,4.4,
,,8.4,4427'4431'4386
,,12.4,4578'4611'4647
,,16.4,4617'4617'4617
,,20.4,4536'4306'4667
,,24.4,4537'4551'4667
,,28.4,4674'4376'4288
,,32.4,4685'4536'4536
,,36.4,4310'4494'4556
,,40.4,4671'4412'4412
,,44.4,4685'4457'4471
,,48.4,4609'4537'4464
,,52.4,4471'4643'4293
,,56.4,4464'4402'4370
,,60.4,4609'4471'4603
,,64.4,4297'4495'4671
,,68.4,4476'4292'4402
,,72.4,4312'4471'4312
,,76.4,4288'4541'4406
104,4626,4.4,
,,8.4,4322'4325'4344
,,12.4,4591'4308'4517
,,16.4,4344'4517'4516
,,20.4,4344'4298'4348
,,24.4,4517'4647'4457
,,28.4,4541'4494'4464
,,32.4,4464'4605'4618
,,36.4,4618'4618'4534
,,40.4,4576'4306'4466
,,44.4,4621'4662'4547
,,48.4,4651'4662'4696
,,52.4,4368'4514'4553
,,56.4,4698'4662'4344
,,60.4,4467'4509'4476
,,64.4,4355'4615'4619
,,68.4,4344'4336'4385
,,72.4,4378'4324'4378
,,76.4,4496'4336'4368
105,4587,4.4,
,,8.4,4527'4628'4664
,,12.4,4427'4386'4683
,,16.4,4460'4521'4386
,,20.4,4448'4571'4502
,,24.4,4551'4601'4352
,,28.4,4448'4502'4339
,,32.4,4339'4558'4604
,,36.4,4635'4330'4448
,,40.4,4666'4352'4641
,,44.4,4604'4482'4302
,,48.4,4512'4512'4302
,,52.4,4448'4607'4378
,,56.4,4501'4330'4460
,,60.4,4679'4604'4635
,,64.4,4481'4526'4341
,,68.4,4635'4659'4423
,,72.4,4341'4604'4423
,,76.4,4431'4404'4302
106,4622,4.4,
,,8.4,4623'4320'4291
,,12.4,4670'4291'4488
,,16.4,4298'4569'4307
,,20.4,4286'4574'4510
,,24.4,4365'4539'4338
,,28.4,4291'4488'4569
,,32.4,4498'4657'4542
,,36.4,4294'4449'4425
,,40.4,4425'4327'4374
,,44.4,4345'4435'4677
,,48.4,4303'4537'4563
,,52.4,4495'4315'4413
,,56.4,4448'4656'4458
,,60.4,4545'4315'4398
,,64.4,4699'4375'4351
,,68.4,4315'4495'4320
,,72.4,4463'4502'4523
,,76.4,4579'4320'4504
107,4677,4.4,
,,8.4,4501'4458'4441
,,12.4,4361'4335'4541
,,16.4,4310'4395'4487
,,20.4,4552'4530'4384
,,24.4,4530'4507'4574
,,28.4,4620'4414'4624
,,32.4,4403'4579'4624
,,36.4,4673'4458'4675
,,40.4,4622'4441'4569
,,44.4,4449'4430'4513
,,48.4,4511'4640'4531
,,52.4,4575'4658'4559
,,56.4,4654'4572'4299
,,60.4,4640'4684'4294
,,64.4,4494'4466'4549
,,68.4,4673'4542'4535
,,72.4,4554'4366'4704
,,76.4,4361'4675'4430
108,4621,4.4,
,,8.4,4291'4308'4308
,,12.4,4525'4388'4575
,,16.4,4290'4433'4344
,,20.4,4676'4576'4514
,,24.4,4676'4496'4373
,,28.4,4396'4672'4618
,,32.4,4404'4325'4560
,,36.4,4650'4437'4349
,,40.4,4416'4349'4614
,,44.4,4314'4416'4308
,,48.4,4346'4336'4349
,,52.4,4319'4535'4469
,,56.4,4477'4477'4346
,,60.4,4346'4344'4503
,,64.4,4385'4503'4552
,,68.4,4344'4594'4325
,,72.4,4496'4354'4433
,,76.4,4661'4358'4412
109,4627,4.4,
,,8.4,4303'4305'4303
,,12.4,4519'4679'4519
,,16.4,4409'4519'4681
,,20.4,4394'4577'4625
,,24.4,4625'4315'4458
,,28.4,4603'4527'4304
,,32.4,4616'4616'4305
,,36.4,4497'4692'4316
,,40.4,4529'4686'4468
,,44.4,4589'4589'4286
,,48.4,4589'4342'4521
,,52.4,4374'4691'4342
,,56.4,4536'4668'4633
,,60.4,4562'4375'4589
,,64.4,4630'4316'4691
,,68.4,4374'4691'4691
,,72.4,4694'4374'4589
,,76.4,4286'4607'4582
110,4505,4.4,
,,8.4,4442'4403'4380
,,12.4,4324'4369'4395
,,16.4,4367'4521'4347
,,20.4,4403'4393'4321
,,24.4,4380'4366'4552
,,28.4,4373'4380'4535
,,32.4,4535'4682'4373
,,36.4,4289'4557'4429
,,40.4,4452'4690'4377
,,44.4,4377'4368'4590
,,48.4,4661'4290'4496
,,52.4,4509'4509'4291
,,56.4,4560'4546'4390
,,60.4,4496'4440'4661
,,64.4,4560'4560'4486
,,68.4,4419'4661'4645
,,72.4,4465'4529'4640
,,76.4,4373'4440'4296
111,4506,4.4,
,,8.4,4533'4648'4495
,,12.4,4294'4643'4636
,,16.4,4648'4637'4614
,,20.4,4614'4466'4572
,,24.4,4446'4370'4539
,,28.4,4569'4623'4531
,,32.4,4688'4289'4528
,,36.4,4382'4337'4366
,,40.4,4531'4289'4416
,,44.4,4333'4416'4353
,,48.4,4458'4472'4479
,,52.4,4426'4544'4372
,,56.4,4552'4552'4435
,,60.4,4416'4391'4489
112,4634,4.4,
,,8.4,4398'4396'4622
,,12.4,4377'4525'4547
,,16.4,4570'4388'4437
,,20.4,4484'4637'4613
,,24.4,4575'4591'4346
,,28.4,4307'4443'4680
,,32.4,4636'4680'4343
,,36.4,4561'4487'4420
,,40.4,4622'4543'4622
,,44.4,4670'4645'4648
,,48.4,4648'4328'4305
,,52.4,4297'4505'4345
,,56.4,4610'4383'4383
,,60.4,4545'4321'4545
,,64.4,4380'4442'4380
,,68.4,4438'4562'4562
,,72.4,4625'4543'4680
,,76.4,4641'4380'4670
113,4524,4.4,
,,8.4,4333'4367'4576
,,12.4,4346'4366'4563
,,16.4,4403'4560'4308
,,20.4,4447'4495'4385
,,24.4,4438'4344'4496
,,28.4,4477'4618'4417
,,32.4,4647'4606'4600
,,36.4,4389'4313'4470
,,40.4,4417'4497'4362
,,44.4,4600'4291'4357
,,48.4,4623'4623'4324
,,52.4,4531'4498'4294
,,56.4,4518'4368'4368
,,60.4,4362'4701'4657
,,64.4,4378'4476'4403
,,68.4,4476'4619'4494
,,72.4,4435'4619'4303
,,76.4,4600'4647'4584
114,4640,4.4,
,,8.4,4452'4474'4596
,,12.4,4585'4585'4321
,,16.4,4596'4521'4474
,,20.4,4359'4438'4348
,,24.4,4301'4321'4668
,,28.4,4667'4324'4644
,,32.4,4361'4617'4502
,,36.4,4301'4442'4324
,,40.4,4380'4379'4593
,,44.4,4668'4373'4380
,,48.4,4464'4331'4292
,,52.4,4540'4383'4359
,,56.4,4438'4442'4442
,,60.4,4597'4597'4383
,,64.4,4288'4410'4381
,,68.4,4543'4543'4384
,,72.4,4653'4411'4519
,,76.4,4411'4502'4502
115,4601,4.4,
,,8.4,4398'4398'4534
,,12.4,4398'4320'4320
,,16.4,4458'4481'4427
,,20.4,4427'4293'4519
,,24.4,4481'4639'4596
,,28.4,4300'4581'4458
,,32.4,4317'4627'4679
,,36.4,4468'4427'4427
,,40.4,4364'4304'4304
,,44.4,4293'4398'4310
,,48.4,4699'4389'4320
,,52.4,4392'4659'4702
,,56.4,4605'4519'4468
,,60.4,4504'4352'4627
,,64.4,4603'4445'4616
,,68.4,4641'4641'4342
,,72.4,4603'4562'4551
,,76.4,4470'4412'4445
116,4494,4.4,
,,8.4,4370'4399'4675
,,12.4,4639'4481'4298
,,16.4,4643'4378'4693
,,20.4,4362'4362'4474
,,24.4,4481'4567'4307
,,28.4,4513'4383'4529
,,32.4,4567'4524'4417
,,36.4,4507'4565'4700
,,40.4,4480'4479'4458
,,44.4,4696'4417'4476
,,48.4,4536'4449'4368
,,52.4,4366'4651'4698
,,56.4,4415'4360'4630
,,60.4,4324'4378'4417
,,64.4,4623'4368'4393
,,68.4,4291'4395'4369
,,72.4,4393'4338'4369
,,76.4,4675'4503'4666
117,4571,4.4,
,,8.4,4330'4548'4573
,,12.4,4423'4558'4558
,,16.4,4460'4551'4635
,,20.4,4352'4482'4573
,,24.4,4330'4352'4502
,,28.4,4573'4482'4635
,,32.4,4518'4339'4551
,,36.4,4666'4573'4460
,,40.4,4551'4635'4527
,,44.4,4460'4422'4573
,,48.4,4635'4482'4635
,,52.4,4607'4526'4555
,,56.4,4659'4659'4652
,,60.4,4659'4386'4683
,,64.4,4482'4659'4404
,,68.4,4582'4482'4364
,,72.4,4311'4345'4482
,,76.4,4482'4431'4422
118,4503,4.4,
,,8.4,4590'4662'4469
,,12.4,4650'4525'4590
,,16.4,4344'4558'4290
,,20.4,4421'4484'4308
,,24.4,4393'4393'4634
,,28.4,4429'4544'4525
,,32.4,4572'4424'4543
,,36.4,4465'4486'4546
,,40.4,4377'4532'4484
,,44.4,4514'4390'4568
,,48.4,4660'4590'4325
,,52.4,4542'4344'4446
,,56.4,4346'4484'4319
,,60.4,4542'4307'4542
,,64.4,4472'4489'4396
,,68.4,4588'4662'4417
,,72.4,4285'4432'4636
,,76.4,4484'4509'4365
119,4544,4.4,
,,8.4,4372'4349'4516
,,12.4,4354'4453'4535
,,16.4,4662'4453'4354
,,20.4,4496'4373'4568
,,24.4,4404'4595'4547
,,28.4,4440'4503'4353
,,32.4,4325'4560'4416
,,36.4,4560'4333'4576
,,40.4,4576'4373'4547
,,44.4,4558'4486'4429
,,48.4,4467'4436'4496
,,52.4,4553'4560'4358
,,56.4,4354'4358'4496
,,60.4,4553'4585'4503
,,64.4,4661'4516'4516
,,68.4,4401'4553'4547
,,72.4,4552'4450'4314
120,4624,4.4,
,,8.4,4494'4521'4499
,,12.4,4620'4373'4607
,,16.4,4380'4348'4537
,,20.4,4669'4380'4350
,,24.4,4644'4668'4442
,,28.4,4631'4502'4644
,,32.4,4373'4667'4438
,,36.4,4673'4620'4292
,,40.4,4603'4530'4523
,,44.4,4384'4579'4523
,,48.4,4402'4376'4620
,,52.4,4634'4561'4654
,,56.4,4597'4443'4654
,,60.4,4677'4677'4376
,,64.4,4634'4452'4368
,,68.4,4452'4292'4381
,,72.4,4521'4380'4464
,,76.4,4380'4359'4648
121,4529,4.4,
,,8.4,4336'4324'4368
,,12.4,4555'4336'4493
,,16.4,4324'4393'4542
,,20.4,4368'4447'4374
,,24.4,4447'4286'4350
,,28.4,4519'4336'4369
,,32.4,4293'4476'4341
,,36.4,4536'4406'4426
,,40.4,4489'4297'4505
,,44.4,4341'4341'4412
,,48.4,4433'4406'4402
,,52.4,4354'4437'4290
,,56.4,4476'4661'4424
,,60.4,4377'4388'4467
,,64.4,4419'4653'4437
,,68.4,4690'4428'4544
,,72.4,4401'4465'4346
,,76.4,4296'4485'4450
122,4562,4.4,
,,8.4,4654'4318'4320
,,12.4,4530'4563'4563
,,16.4,4359'4593'4523
,,20.4,4461'4523'4395
,,24.4,4656'4556'4574
,,28.4,4675'4523'4653
,,32.4,4400'4656'4660
,,36.4,4303'4579'4530
,,40.4,4656'4513'4629
,,44.4,4303'4511'4435
,,48.4,4574'4648'4593
,,52.4,4574'4392'4574
,,56.4,4574'4311'4579
,,60.4,4444'4422'4551
,,64.4,4579'4551'4463
,,68.4,4648'4522'4397
,,72.4,4648'4399'4399
,,76.4,4375'4521'4648
123,4613,4.4,
,,8.4,4488'4648'4533
,,12.4,4478'4433'4354
,,16.4,4390'4553'4390
,,20.4,4684'4401'4469
,,24.4,4307'4642'4338
,,28.4,4643'4642'4528
,,32.4,4294'4591'4485
,,36.4,4630'4518'4569
,,40.4,4338'4591'4338
,,44.4,4388'4365'4591
,,48.4,4666'4484'4535
,,52.4,4484'4623'4478
,,56.4,4605'4629'4338
,,60.4,4675'4478'4675
,,64.4,4552'4646'4689
,,68.4,4554'4365'4484
,,72.4,4654'4654'4497
,,76.4,4365'4291'4365
124,4539,4.4,
,,8.4,4346'4401'4344
,,12.4,4286'4637'4469
,,16.4,4498'4647'4670
,,20.4,4575'4407'4306
,,24.4,4470'4629'4388
,,28.4,4630'4470'4574
,,32.4,4303'4400'4622
,,36.4,4291'4574'4388
,,40.4,4470'4497'4508
,,44.4,4549'4634'4497
,,48.4,4338'4666'4549
,,52.4,4303'4303'4689
,,56.4,4675'4673'4676
,,60.4,4658'4409'4543
,,64.4,4425'4676'4513
,,68.4,4612'4610'4300
,,72.4,4532'4700'4507
,,76.4,4532'4364'4345
125,4649,4.4,
,,8.4,4651'4377'4658
,,12.4,4433'4290'4437
,,16.4,4388'4325'4465
,,20.4,4614'4650'4637
127,4637,4.4,
,,8.4,4632'4534'4650
,,12.4,4648'4286'4344
,,16.4,4286'4486'4533
,,20.4,4595'4560'4570
,,24.4,4314'4614'4346
,,28.4,4614'4484'4634
129,4657,4.4,
,,8.4,4327'4535'4643
,,12.4,4415'4495'4417
,,16.4,4378'4600'4476
,,20.4,4541'4466'4623
,,24.4,4370'4686'4642
,,28.4,4415'4324'4368
,,32.4,4476'4569'4623
,,36.4,4415'4370'4476
,,40.4,4417'4646'4567
,,44.4,4569'4518'4368
,,48.4,4518'4676'4417
,,52.4,4696'4466'4594
,,56.4,4459'4309'4438
,,60.4,4564'4536'4646
,,64.4,4666'4630'4623
,,68.4,4416'4636'4693
,,72.4,4338'4693'4291
,,76.4,4291'4666'4610
131,4526,4.4,
,,8.4,4515'4334'4375
,,12.4,4518'4408'4515
,,16.4,4483'4504'4334
,,20.4,4311'4408'4311
,,24.4,4311'4431'4431
,,28.4,4431'4404'4482
,,32.4,4558'4664'4587
,,36.4,4460'4641'4352
,,40.4,4330'4352'4339
,,44.4,4454'4573'4420
,,48.4,4420'4428'4343
,,52.4,4454'4548'4420
,,56.4,4454'4330'4330
,,60.4,4428'4550'4428
,,64.4,4512'4454'4420
,,68.4,4548'4428'4301
,,72.4,4419'4454'4548
,,76.4,4420'4428'4419
133,4578,4.4,
,,8.4,4317'4355'4667
,,12.4,4446'4346'4650
,,16.4,4381'4453'4453
,,20.4,4606'4614'4308
,,24.4,4650'4643'4568
,,28.4,4378'4516'4618
,,32.4,4447'4697'4570
,,36.4,4619'4590'4580
,,40.4,4391'4618'4329
,,44.4,4572'4516'4395
,,48.4,4329'4525'4590
,,52.4,4660'4662'4344
,,56.4,4308'4553'4503
,,60.4,4509'4514'4344
,,64.4,4486'4437'4486
,,68.4,4484'4373'4484
,,72.4,4496'4291'4355
,,76.4,4525'4465'4401
135,4603,4.4,
,,8.4,4297'4562'4315
,,12.4,4463'4399'4556
,,16.4,4397'4628'4628
,,20.4,4519'4300'4397
,,24.4,4398'4597'4398
,,28.4,4463'4320'4597
,,32.4,4581'4519'4392
,,36.4,4631'4519'4616
,,40.4,4301'4534'4641
,,44.4,4468'4668'4694
,,48.4,4483'4452'4616
,,52.4,4419'4653'4561
,,56.4,4532'4505'4543
,,60.4,4519'4428'4414
,,64.4,4462'4585'4462
,,68.4,4691'4334'4375
,,72.4,4408'4711'4334
,,76.4,4408'4286'4536
137,4582,4.4,
,,8.4,4409'4527'4334
,,12.4,4304'4526'4328
,,16.4,4679'4431'4427
,,20.4,4526'4375'4482
,,24.4,4666'4587'4512
,,28.4,4431'4311'4526
,,32.4,4512'4311'4422
,,36.4,4664'4404'4386
,,40.4,4527'4527'4664
,,44.4,4558'4679'4558
,,48.4,4526'4604'4339
,,52.4,4571'4652'4422
,,56.4,4571'4571'4341
,,60.4,4352'4422'4339
,,64.4,4454'4556'4481
,,68.4,4683'4386'4683
,,72.4,4431'4431'4522
,,76.4,4365'4317'4431
138,4576,4.4,
,,8.4,4600'4544'4634
,,12.4,4600'4416'4651
,,16.4,4546'4353'4289
,,20.4,4412'4446'4325
,,24.4,4660'4377'4433
,,28.4,4290'4544'4429
,,32.4,4676'4553'4290
,,36.4,4453'4346'4446
,,40.4,4467'4615'4532
,,44.4,4372'4525'4525
,,48.4,4291'4416'4336
,,52.4,4618'4346'4621
,,56.4,4570'4650'4503
,,60.4,4484'4349'4484
,,64.4,4355'4553'4509
,,68.4,4349'4621'4465
,,72.4,4308'4346'4509
,,76.4,4590'4416'4465
140,4589,4.4,
,,8.4,4617'4376'4617
,,12.4,4376'4411'4665
,,16.4,4341'4671'4597
,,20.4,4617'4464'4685
,,24.4,4341'4681'4578
,,28.4,4370'4685'4617
,,32.4,4293'4541'4476
,,36.4,4609'4494'4317
,,40.4,4671'4398'4476
,,44.4,4609'4471'4619
,,48.4,4520'4495'4693
,,52.4,4362'4357'4312
,,56.4,4693'4324'4305
,,60.4,4657'4693'4459
,,64.4,4707'4391'4366
,,68.4,4406'4297'4293
,,72.4,4305'4353'4411
,,76.4,4467'4446'4373
141,4651,4.4,
,,8.4,4401'4388'4285
,,12.4,4377'4662'4539
,,16.4,4306'4437'4547
,,20.4,4424'4599'4580
,,24.4,4531'4326'4354
,,28.4,4590'4614'4576
,,32.4,4477'4503'4451
,,36.4,4385'4535'4308
,,40.4,4514'4372'4467
,,44.4,4662'4496'4615
,,48.4,4546'4503'4467
,,52.4,4391'4347'4391
,,56.4,4395'4369'4393
,,60.4,4415'4369'4466
,,64.4,4600'4546'4326
,,68.4,4309'4344'4546
,,72.4,4385'4466'4325
,,76.4,4369'4393'4516
142,4500,4.4,
143,4654,4.4,
,,8.4,4363'4511'4363
,,12.4,4484'4326'4327
,,16.4,4533'4643'4598
,,20.4,4326'4466'4533
,,24.4,4569'4592'4479
,,28.4,4663'4318'4623
,,32.4,4291'4575'4452
,,36.4,4387'4296'4591
,,40.4,4665'4592'4630
,,44.4,4549'4388'4592
,,48.4,4470'4689'4511
,,52.4,4488'4410'4388
,,56.4,4291'4620'4623
,,60.4,4620'4623'4389
,,64.4,4534'4677'4502
,,68.4,4537'4396'4470
,,72.4,4509'4509'4480
,,76.4,4660'4470'4473
144,4516,4.4,
,,8.4,4401'4461'4391
,,12.4,4485'4372'4605
,,16.4,4412'4485'4576
,,20.4,4576'4295'4485
,,24.4,4429'4289'4531
,,28.4,4661'4698'4496
,,32.4,4572'4661'4388
,,36.4,4336'4446'4651
,,40.4,4547'4377'4353
,,44.4,4346'4547'4291
,,48.4,4509'4344'4618
,,52.4,4346'4535'4525
,,56.4,4308'4570'4590
,,60.4,4450'4344'4308
,,64.4,4355'4547'4450
,,68.4,4344'4450'4650
,,72.4,4291'4554'4547
,,76.4,4424'4372'4307
145,4602,4.4,
,,8.4,4413'4677'4397
,,12.4,4519'4413'4541
,,16.4,4523'4593'4384
,,20.4,4527'4395'4315
,,24.4,4530'4603'4677
,,28.4,4494'4692'4633
,,32.4,4603'4474'4610
,,36.4,4398'4474'4627
,,40.4,4603'4320'4631
,,44.4,4583'4320'4389
,,48.4,4359'4550'4359
,,52.4,4399'4660'4502
,,56.4,4389'4350'4641
,,60.4,4653'4680'4438
,,64.4,4493'4519'4519
,,68.4,4483'4601'4468
,,72.4,4443'4445'4483
,,76.4,4419'4428'4414
146,4513,4.4,
,,8.4,4610'4499'4471
,,12.4,4375'4596'4507
,,16.4,4406'4435'4461
,,20.4,4594'4406'4435
,,24.4,4594'4594'4652
,,28.4,4487'4612'4321
,,32.4,4296'4361'4434
,,36.4,4327'4541'4327
,,40.4,4441'4399'4593
,,44.4,4331'4670'4441
,,48.4,4569'4569'4403
,,52.4,4413'4395'4629
,,56.4,4561'4507'4371
,,60.4,4524'4530'4539
,,64.4,4414'4658'4430
,,68.4,4559'4657'4473
,,72.4,4618'4535'4484
,,76.4,4366'4642'4366
147,4644,4.4,
,,8.4,4626'4543'4655
,,12.4,4381'4319'4626
,,16.4,4322'4442'4521
,,20.4,4301'4499'4407
,,24.4,4588'4316'4520
,,28.4,4550'4288'4550
,,32.4,4669'4603'4288
,,36.4,4609'4669'4397
,,40.4,4457'4457'4464
,,44.4,4464'4606'4494
,,48.4,4383'4647'4457
,,52.4,4495'4696'4647
,,56.4,4495'4494'4340
,,60.4,4357'4495'4340
,,64.4,4455'4395'4463
,,68.4,4476'4417'4600
,,72.4,4318'4439'4600
,,76.4,4476'4696'4357
148,4553,4.4,
,,8.4,4467'4377'4595
,,12.4,4525'4560'4484
,,16.4,4287'4396'4467
,,20.4,4637'4426'4351
,,24.4,4575'4547'4426
,,28.4,4560'4613'4544
,,32.4,4469'4336'4534
,,36.4,4472'4676'4485
,,40.4,4469'4346'4344
,,44.4,4532'4599'4546
,,48.4,4344'4349'4349
,,52.4,4453'4314'4542
,,56.4,4453'4469'4477
,,60.4,4650'4542'4560
,,64.4,4469'4469'4698
,,68.4,4613'4363'4535
,,72.4,4396'4630'4484
,,76.4,4338'4488'4370
149,4694,4.4,
,,8.4,4510'4425'4310
,,12.4,4603'4603'4522
,,16.4,4310'4581'4611
,,20.4,4458'4522'4458
,,24.4,4315'4304'4665
,,28.4,4351'4351'4493
,,32.4,4359'4310'4601
,,36.4,4596'4534'4519
,,40.4,4534'4405'4660
,,44.4,4483'4405'4400
,,48.4,4504'4405'4692
,,52.4,4653'4310'4653
,,56.4,4423'4470'4522
,,60.4,4316'4342'4374
,,64.4,4685'4685'4633
,,68.4,4551'4398'4341
,,72.4,4375'4476'4375
,,76.4,4645'4462'4462
150,4674,4.4,
,,8.4,4373'4359'4585
,,12.4,4521'4537'4529
,,16.4,4312'4381'4494
,,20.4,4609'4686'4581
,,24.4,4524'4315'4292
,,28.4,4606'4370'4464
,,32.4,4392'4381'4578
,,36.4,4495'4476'4481
,,40.4,4524'4357'4476
,,44.4,4335'4415'4563
,,48.4,4495'4480'4580
,,52.4,4610'4610'4417
,,56.4,4537'4484'4600
,,60.4,4337'4613'4651
,,64.4,4497'4632'4610
,,68.4,4697'4494'4494
,,72.4,4646'4366'4478
,,76.4,4654'4662'4366
151,4577,4.4,
,,8.4,4462'4392'4389
,,12.4,4605'4681'4522
,,16.4,4411'4583'4522
,,20.4,4483'4483'4468
,,24.4,4342'4483'4428
,,28.4,4695'4660'4660
,,32.4,4343'4343'4522
,,36.4,4342'4562'4408
,,40.4,4381'4381'4468
,,44.4,4597'4521'4381
,,48.4,4540'4641'4668
,,52.4,4681'4389'4597
,,56.4,4611'4320'4502
,,60.4,4545'4320'4315
,,64.4,4574'4427'4304
,,68.4,4392'4315'4293
,,72.4,4345'4427'4586
,,76.4,4690'4315'4688
163,4509,4.4,
,,8.4,4503'4308'4614
,,12.4,4401'4650'4450
,,16.4,4390'4590'4465
,,20.4,4595'4377'4291
,,24.4,4289'4662'4440
,,28.4,4440'4650'4618
,,32.4,4416'4295'4396
,,36.4,4676'4662'4289
,,40.4,4525'4344'4353
,,44.4,4319'4319'4333
,,48.4,4660'4436'4469
,,52.4,4484'4314'4349
,,56.4,4416'4453'4336
,,60.4,4416'4349'4469
,,64.4,4346'4613'4560
,,68.4,4570'4546'4599
,,72.4,4651'4629'4594
,,76.4,4591'4314'4314
175,4655,4.4,
,,8.4,4350'4461'4560
,,12.4,4645'4369'4600
,,16.4,4499'4668'4380
,,20.4,4599'4391'4416
,,24.4,4682'4289'4543
,,28.4,4496'4288'4509
,,32.4,4377'4321'4676
,,36.4,4390'4438'4570
,,40.4,4496'4452'4662
,,44.4,4547'4553'4436
,,48.4,4390'4603'4433
,,52.4,4486'4525'4531
,,56.4,4296'4585'4547
,,60.4,4308'4557'4542
,,64.4,4414'4286'4414
,,68.4,4542'4443'4296
,,72.4,4487'4449'4428
,,76.4,4343'4365'4610
176,4586,4.4,
,,8.4,4535'4506'4449
,,12.4,4654'4654'4654
,,16.4,4371'4441'4440
,,20.4,4678'4318'4678
,,24.4,4612'4609'4648
,,28.4,4418'4455'4594
,,32.4,4418'4441'4594
,,36.4,4441'4622'4622
,,40.4,4371'4700'4440
,,44.4,4440'4677'4584
,,48.4,4453'4285'4677
,,52.4,4318'4371'4674
,,56.4,4326'4371'4584
,,60.4,4440'4629'4539
,,64.4,4371'4326'4584
,,68.4,4598'4363'4539
,,72.4,4395'4421'4395
,,76.4,4318'4676'4461
177,4522,4.4,
,,8.4,4342'4518'4423
,,12.4,4556'4582'4627
,,16.4,4445'4589'4451
,,20.4,4342'4627'4582
,,24.4,4633'4582'4582
,,28.4,4375'4515'4286
,,32.4,4374'4504'4493
,,36.4,4567'4316'4519
,,40.4,4521'4334'4536
,,44.4,4504'4375'4316
,,48.4,4653'4412'4412
,,52.4,4691'4375'4316
,,56.4,4619'4691'4556
,,60.4,4619'4619'4630
,,64.4,4431'4551'4551
,,68.4,4431'4556'4422
,,72.4,4683'4596'4311
,,76.4,4405'4482'4527
178,4585,4.4,
,,8.4,4675'4348'4348
,,12.4,4671'4442'4669
,,16.4,4674'4521'4324
,,20.4,4521'4464'4617
,,24.4,4359'4682'4689
,,28.4,4288'4381'4452
,,32.4,4624'4505'4611
,,36.4,4374'4645'4425
,,40.4,4620'4456'4648
,,44.4,4625'4456'4624
,,48.4,4343'4478'4443
,,52.4,4487'4343'4420
,,56.4,4428'4343'4542
,,60.4,4535'4450'4542
,,64.4,4624'4296'4308
,,68.4,4388'4343'4686
,,72.4,4296'4433'4428
,,76.4,4484'4343'4546
179,4659,4.4,
,,8.4,4305'4577'4384
,,12.4,4341'4297'4634
,,16.4,4627'4627'4627
,,20.4,4550'4550'4665
,,24.4,4374'4316'4556
,,28.4,4680'4412'4374
,,32.4,4680'4561'4627
,,36.4,4451'4529'4686
,,40.4,4567'4702'4536
,,44.4,4536'4536'4567
,,48.4,4301'4428'4412
,,52.4,4419'4412'4691
,,56.4,4555'4627'4428
,,60.4,4423'4526'4555
,,64.4,4343'4710'4526
,,68.4,4680'4405'4607
,,72.4,4364'4380'4473
,,76.4,4545'4301'4301
180,4667,4.4,
,,8.4,4620'4693'4671
,,12.4,4415'4606'4397
,,16.4,4639'4415'4464
,,20.4,4671'4643'4298
,,24.4,4603'4674'4578
,,28.4,4657'4617'4609
,,32.4,4359'4298'4494
181,4518,4.4,
,,8.4,4498'4306'4626
,,12.4,4630'4515'4408
,,16.4,4306'4482'4592
,,20.4,4508'4658'4498
,,24.4,4302'4396'4341
,,28.4,4415'4320'4313
,,32.4,4306'4592'4320
,,36.4,4549'4343'4454
,,40.4,4320'4389'4389
,,44.4,4470'4306'4400
,,48.4,4550'4313'4658
,,52.4,4680'4630'4338
,,56.4,4642'4707'4360
,,60.4,4535'4663'4484
,,64.4,4675'4361'4575
,,68.4,4671'4430'4480
,,72.4,4479'4507'4300
,,76.4,4612'4624'4403
182,4554,4.4,
,,8.4,4289'4458'4416
,,12.4,4333'4572'4295
,,16.4,4430'4672'4654
,,20.4,4698'4484'4333
,,24.4,4353'4390'4576
,,28.4,4412'4546'4684
,,32.4,4542'4466'4295
,,36.4,4370'4673'4528
,,40.4,4615'4630'4338
,,44.4,4673'4295'4646
,,48.4,4684'4676'4353
,,52.4,4658'4451'4442
,,56.4,4689'4488'4645
,,60.4,4623'4525'4484
,,64.4,4472'4497'4613
,,68.4,4478'4360'4570
,,72.4,4360'4618'4294
,,76.4,4360'4291'4666
183,4521,4.4,
,,8.4,4480'4360'4473
,,12.4,4561'4473'4473
,,16.4,4419'4420'4537
,,20.4,4674'4667'4399
,,24.4,4558'4635'4558
,,28.4,4302'4587'4664
,,32.4,4587'4617'4404
,,36.4,4463'4482'4422
,,40.4,4399'4397'4602
,,44.4,4493'4581'4375
,,48.4,4502'4399'4397
,,52.4,4504'4522'4400
,,56.4,4519'4342'4399
,,60.4,4597'4597'4609
,,64.4,4611'4301'4616
,,68.4,4301'4519'4350
,,72.4,4543'4519'4392
,,76.4,4397'4493'4523
184,4647,4.4,
,,8.4,4292'4580'4340
,,12.4,4348'4370'4671
,,16.4,4317'4312'4544
,,20.4,4618'4346'4346
,,24.4,4446'4606'4378
,,28.4,4415'4570'4383
,,32.4,4514'4368'4676
,,36.4,4516'4467'4600
,,40.4,4466'4621'4467
,,44.4,4308'4525'4600
,,48.4,4662'4357'4476
,,52.4,4368'4619'4696
,,56.4,4614'4514'4525
,,60.4,4606'4447'4357
,,64.4,4661'4324'4476
,,68.4,4336'4308'4661
,,72.4,4385'4466'4546
,,76.4,4696'4614'4357
185,4617,4.4,
,,8.4,4370'4669'4668
,,12.4,4292'4505'4668
,,16.4,4624'4301'4499
,,20.4,4415'4383'4370
,,24.4,4639'4581'4578
,,28.4,4581'4529'4362
,,32.4,4415'4397'4563
186,4682,4.4,
,,8.4,4331'4502'4502
,,12.4,4543'4640'4668
,,16.4,4620'4505'4624
,,20.4,4669'4474'4405
,,24.4,4498'4596'4464
,,28.4,4521'4528'4292
,,32.4,4442'4617'4549
,,36.4,4668'4363'4668
,,40.4,4463'4463'4540
,,44.4,4363'4326'4550
,,48.4,4326'4474'4444
,,52.4,4392'4648'4574
,,56.4,4495'4583'4435
,,60.4,4583'4363'4395
,,64.4,4384'4479'4363
,,68.4,4612'4363'4318
,,72.4,4361'4410'4327
,,76.4,4366'4430'4382
187,4671,4.4,
,,8.4,4415'4609'4567
,,12.4,4609'4567'4476
,,16.4,4288'4481'4481
,,20.4,4603'4288'4288
,,24.4,4463'4397'4541
,,28.4,4639'4463'4292
,,32.4,4609'4362'4617
,,36.4,4357'4378'4357
,,40.4,4642'4292'4643
,,44.4,4334'4520'4563
,,48.4,4417'4495'4642
,,52.4,4476'4647'4395
,,56.4,4439'4300'4458
,,60.4,4415'4494'4318
,,64.4,4647'4600'4588
,,68.4,4629'4337'4484
,,72.4,4619'4378'4476
,,76.4,4336'4338'4615
188,4653,4.4,
,,8.4,4352'4389'4504
,,12.4,4548'4359'4352
,,16.4,4610'4352'4405
,,20.4,4659'4405'4468
,,24.4,4405'4659'4310
,,28.4,4451'4493'4686
,,32.4,4470'4470'4412
,,36.4,4519'4686'4686
,,40.4,4536'4316'4504
,,44.4,4406'4529'4493
,,48.4,4305'4519'4334
,,52.4,4504'4470'4445
,,56.4,4603'4420'4483
,,60.4,4342'4400'4408
,,64.4,4543'4624'4543
,,68.4,4533'4624'4493
,,72.4,4561'4359'4561
,,76.4,4301'4533'4630
189,4510,4.4,
,,8.4,4497'4581'4374
,,12.4,4332'4397'4602
,,16.4,4311'4303'4394
,,20.4,4303'4394'4303
190,4628,4.4,
,,8.4,4398'4431'4681
,,12.4,4527'4448'4653
,,16.4,4556'4597'4639
,,20.4,4597'4304'4611
,,24.4,4616'4527'4475
,,28.4,4679'4603'4458
,,32.4,4527'4679'4679
,,36.4,4610'4304'4611
,,40.4,4611'4468'4405
,,44.4,4293'4475'4457
,,48.4,4602'4458'4300
,,52.4,4320'4310'4577
,,56.4,4310'4659'4659
,,60.4,4352'4352'4601
,,64.4,4616'4493'4504
,,68.4,4616'4352'4352
,,72.4,4702'4483'4627
,,76.4,4601'4412'4607
191,4547,4.4,
,,8.4,4525'4472'4295
,,12.4,4308'4421'4590
,,16.4,4525'4433'4484
,,20.4,4531'4377'4377
,,24.4,4509'4433'4467
,,28.4,4553'4351'4560
,,32.4,4287'4544'4672
,,36.4,4570'4503'4553
,,40.4,4564'4595'4450
,,44.4,4336'4485'4349
,,48.4,4446'4450'4349
,,52.4,4594'4401'4401
,,56.4,4344'4416'4446
,,60.4,4385'4576'4369
,,64.4,4525'4636'4365
,,68.4,4651'4651'4600
,,72.4,4286'4618'4497
,,76.4,4389'4400'4400
192,4579,4.4,
,,8.4,4540'4640'4624
,,12.4,4480'4335'4559
,,16.4,4523'4640'4413
,,20.4,4327'4574'4395
,,24.4,4379'4379'4395
,,28.4,4513'4399'4530
,,32.4,4609'4331'4384
,,36.4,4610'4673'4395
,,40.4,4622'4414'4513
,,44.4,4414'4648'4299
,,48.4,4670'4640'4303
,,52.4,4640'4648'4375
,,56.4,4414'4648'4347
,,60.4,4444'4622'4444
,,64.4,4444'4410'4315
,,68.4,4411'4410'4315
,,72.4,4513'4411'4511
,,76.4,4315'4444'4315
193,4672,4.4,
,,8.4,4621'4621'4342
,,12.4,4580'4325'4357
,,16.4,4333'4451'4442
,,20.4,4446'4451'4289
,,24.4,4373'4496'4356
,,28.4,4568'4600'4289
,,32.4,4358'4358'4388
194,4515,4.4,
,,8.4,4559'4479'4395
,,12.4,4413'4523'4511
,,16.4,4371'4441'4431
,,20.4,4587'4449'4518
,,24.4,4431'4366'4506
,,28.4,4390'4478'4623
,,32.4,4422'4482'4497
195,4535,4.4,
,,8.4,4622'4637'4673
,,12.4,4484'4467'4424
,,16.4,4388'4543'4424
,,20.4,4528'4509'4451
,,24.4,4672'4643'4370
,,28.4,4576'4547'4412
,,32.4,4446'4539'4370
,,36.4,4547'4576'4503
,,40.4,4437'4575'4290
,,44.4,4569'4564'4654
,,48.4,4307'4666'4308
,,52.4,4654'4654'4654
,,56.4,4370'4532'4676
,,60.4,4690'4291'4478
,,64.4,4646'4365'4636
,,68.4,4537'4360'4360
,,72.4,4630'4338'4630
,,76.4,4675'4564'4564
196,4660,4.4,
,,8.4,4553'4568'4295
,,12.4,4404'4546'4295
,,16.4,4295'4630'4422
,,20.4,4354'4289'4518
,,24.4,4334'4633'4509
,,28.4,4582'4600'4357
,,32.4,4289'4426'4295
,,36.4,4522'4357'4351
,,40.4,4696'4351'4357
,,44.4,4544'4351'4401
,,48.4,4353'4486'4544
,,52.4,4445'4400'4468
,,56.4,4416'4446'4445
,,60.4,4320'4519'4385
,,64.4,4621'4534'4447
,,68.4,4578'4400'4285
,,72.4,4483'4641'4509
,,76.4,4468'4468'4432
197,4581,4.4,
,,8.4,4656'4677'4394
,,12.4,4545'4427'4315
,,16.4,4545'4307'4392
,,20.4,4315'4639'4418
,,24.4,4562'4497'4497
,,28.4,4610'4597'4519
,,32.4,4602'4444'4602
,,36.4,4540'4497'4320
,,40.4,4519'4577'4519
,,44.4,4550'4320'4577
,,48.4,4444'4577'4550
,,52.4,4644'4392'4399
,,56.4,4399'4605'4392
,,60.4,4301'4350'4668
,,64.4,4562'4350'4519
,,68.4,4521'4574'4521
,,72.4,4445'4397'4648
,,76.4,4445'4521'4445
198,4550,4.4,
,,8.4,4461'4414'4414
,,12.4,4461'4656'4455
,,16.4,4375'4392'4638
,,20.4,4633'4665'4414
,,24.4,4444'4474'4656
,,28.4,4673'4315'4593
,,32.4,4602'4633'4540
,,36.4,4402'4402'4411
,,40.4,4474'4631'4402
,,44.4,4474'4315'4444
,,48.4,4444'4315'4502
,,52.4,4609'4562'4474
,,56.4,4502'4666'4579
,,60.4,4480'4675'4675
,,64.4,4622'4518'4480
,,68.4,4511'4380'4511
,,72.4,4680'4420'4315
,,76.4,4646'4548'4548
199,4612,4.4,
,,8.4,4507'4455'4450
,,12.4,4552'4375'4550
,,16.4,4435'4303'4507
,,20.4,4461'4395'4507
,,24.4,4598'4678'4413
,,28.4,4552'4507'4479
,,32.4,4552'4594'4480
,,36.4,4440'4622'4382
,,40.4,4565'4430'4622
,,44.4,4318'4430'4495
,,48.4,4632'4632'4371
,,52.4,4318'4444'4418
,,56.4,4629'4439'4439
,,60.4,4441'4530'4444
,,64.4,4440'4669'4440
,,68.4,4584'4441'4584
,,72.4,4440'4355'4318
,,76.4,4677'4632'4583
200,4595,4.4,
,,8.4,4560'4295'4496
,,12.4,4568'4532'4632
,,16.4,4290'4440'4621
,,20.4,4503'4290'4358
,,24.4,4295'4544'4390
,,28.4,4516'4486'4544
,,32.4,4469'4388'4424
,,36.4,4446'4446'4357
,,40.4,4436'4426'4600
201,4599,4.4,
,,8.4,4366'4516'4344
,,12.4,4385'4415'4467
,,16.4,4560'4647'4308
,,20.4,4416'4489'4333
,,24.4,4344'4308'4588
,,28.4,4385'4576'4496
,,32.4,4451'4690'4467
,,36.4,4605'4326'4542
,,40.4,4355'4570'4542
,,44.4,4355'4621'4433
,,48.4,4308'4650'4621
,,52.4,4503'4314'4590
,,56.4,4453'4465'4469
,,60.4,4469'4509'4465
,,64.4,4557'4509'4484
,,68.4,4578'4547'4509
,,72.4,4621'4355'4308
,,76.4,4529'4614'4355
202,4527,4.4,
,,8.4,4512'4604'4679
,,12.4,4394'4394'4431
,,16.4,4596'4497'4427
,,20.4,4587'4398'4431
,,24.4,4519'4639'4604
,,28.4,4545'4351'4604
,,32.4,4639'4351'4545
,,36.4,4351'4497'4639
,,40.4,4458'4581'4293
,,44.4,4581'4315'4475
,,48.4,4628'4581'4611
,,52.4,4448'4679'4293
,,56.4,4317'4398'4394
,,60.4,4398'4628'4468
,,64.4,4398'4423'4320
,,68.4,4605'4702'4351
,,72.4,4519'4660'4493
,,76.4,4630'4359'4392
203,4523,4.4,
,,8.4,4452'4513'4678
,,12.4,4371'4474'4406
,,16.4,4384'4513'4563
,,20.4,4507'4640'4395
,,24.4,4371'4413'4594
,,28.4,4327'4403'4530
,,32.4,4513'4530'4530
,,36.4,4646'4609'4609
,,40.4,4413'4413'4541
,,44.4,4670'4569'4435
,,48.4,4511'4435'4299
,,52.4,4307'4392'4334
,,56.4,4392'4414'4574
,,60.4,4444'4579'4315
,,64.4,4384'4513'4384
,,68.4,4299'4513'4622
,,72.4,4640'4495'4411
,,76.4,4444'4444'4530
204,4616,4.4,
,,8.4,4611'4653'4604
,,12.4,4601'4556'4604
,,16.4,4320'4562'4585
,,20.4,4562'4519'4497
,,24.4,4351'4352'4352
,,28.4,4392'4597'4405
,,32.4,4665'4405'4352
,,36.4,4352'4699'4405
,,40.4,4468'4555'4400
,,44.4,4352'4352'4521
,,48.4,4405'4659'4405
,,52.4,4692'4445'4493
,,56.4,4522'4555'4445
,,60.4,4702'4470'4470
,,64.4,4483'4451'4641
,,68.4,4545'4342'4374
,,72.4,4374'4400'4536
,,76.4,4316'4400'4483
205,4514,4.4,
,,8.4,4661'4446'4351
,,12.4,4568'4553'4670
,,16.4,4424'4660'4344
,,20.4,4308'4688'4486
,,24.4,4314'4637'4472
,,28.4,4319'4429'4429
,,32.4,4576'4416'4336
,,36.4,4429'4576'4314
,,40.4,4314'4416'4446
,,44.4,4509'4599'4532
,,48.4,4690'4503'4401
,,52.4,4453'4344'4450
,,56.4,4585'4336'4535
,,60.4,4465'4484'4486
,,64.4,4354'4560'4662
,,68.4,4373'4437'4351
,,72.4,4686'4357'4585
206,4650,4.4,
,,8.4,4437'4336'4486
,,12.4,4336'4349'4308
,,16.4,4516'4614'4436
,,20.4,4453'4570'4539
,,24.4,4477'4469'4346
,,28.4,4450'4314'4605
,,32.4,4401'4576'4401
,,36.4,4543'4564'4307
,,40.4,4485'4319'4416
,,44.4,4543'4697'4336
,,48.4,4697'4401'4564
,,52.4,4453'4446'4416
,,56.4,4542'4453'4349
,,60.4,4542'4600'4319
,,64.4,4307'4477'4469
,,68.4,4599'4509'4547
,,72.4,4477'4645'4346
,,76.4,4645'4613'4319
207,4573,4.4,
,,8.4,4521'4428'4302
,,12.4,4380'4526'4641
,,16.4,4641'4540'4343
,,20.4,4330'4419'4540
,,24.4,4420'4420'4380
,,28.4,4635'4301'4548
,,32.4,4540'4420'4380
,,36.4,4454'4380'4428
,,40.4,4502'4301'4659
,,44.4,4428'4454'4301
,,48.4,4540'4548'4635
,,52.4,4548'4343'4420
,,56.4,4343'4548'4420
,,60.4,4512'4454'4343
,,64.4,4540'4419'4512
,,68.4,4358'4290'4343
,,72.4,4343'4290'4540
,,76.4,4309'4420'4330
208,4564,4.4,
,,8.4,4661'4377'4424
,,12.4,4290'4662'4514
,,16.4,4489'4424'4489
,,20.4,4372'4676'4319
,,24.4,4469'4453'4572
,,28.4,4516'4336'4605
,,32.4,4634'4322'4605
,,36.4,4651'4647'4647
,,40.4,4362'4658'4286
,,44.4,4396'4320'4539
,,48.4,4497'4543'4400
,,52.4,4488'4629'4594
,,56.4,4535'4478'4534
,,60.4,4533'4613'4568
,,64.4,4328'4400'4553
,,68.4,4623'4313'4568
,,72.4,4409'4539'4425
,,76.4,4470'4435'4488
209,4565,4.4,
,,8.4,4371'4511'4418
,,12.4,4572'4335'4318
,,16.4,4287'4335'4444
,,20.4,4318'4554'4287
,,24.4,4441'4287'4410
,,28.4,4609'4371'4371
,,32.4,4440'4371'4440
,,36.4,4371'4326'4371
,,40.4,4326'4382'4327
,,44.4,4473'4430'4382
,,48.4,4329'4337'4484
,,52.4,4337'4366'4663
,,56.4,4528'4298'4646
,,60.4,4697'4689'4478
,,64.4,4583'4421'4631
,,68.4,4564'4507'4646
,,72.4,4338'4370'4570
,,76.4,4478'4503'4549
210,4542,4.4,
,,8.4,4533'4524'4599
,,12.4,4368'4600'4478
,,16.4,4673'4329'4478
,,20.4,4673'4690'4533
,,24.4,4651'4642'4539
,,28.4,4655'4576'4623
,,32.4,4446'4509'4509
,,36.4,4642'4650'4486
,,40.4,4646'4568'4484
,,44.4,4569'4401'4478
,,48.4,4585'4370'4498
,,52.4,4532'4365'4286
,,56.4,4478'4564'4591
,,60.4,4564'4623'4539
,,64.4,4564'4636'4388
,,68.4,4697'4291'4697
,,72.4,4554'4553'4365
,,76.4,4636'4365'4497
211,4549,4.4,
,,8.4,4658'4453'4335
,,12.4,4559'4336'4453
,,16.4,4308'4618'4590
,,20.4,4285'4588'4496
,,24.4,4697'4590'4424
,,28.4,4355'4424'4514
,,32.4,4578'4650'4520
,,36.4,4701'4326'4697
,,40.4,4632'4432'4306
,,44.4,4326'4497'4415
,,48.4,4497'4488'4400
,,52.4,4470'4291'4389
,,56.4,4666'4360'4388
,,60.4,4564'4507'4534
,,64.4,4537'4488'4291
,,68.4,4360'4326'4586
,,72.4,4583'4501'4564
,,76.4,4705'4488'4666
212,4629,4.4,
,,8.4,4461'4365'4365
,,12.4,4461'4450'4656
,,16.4,4395'4540'4562
,,20.4,4403'4574'4384
,,24.4,4478'4303'4479
,,28.4,4586'4584'4458
,,32.4,4458'4305'4313
,,36.4,4305'4574'4397
,,40.4,4403'4384'4328
,,44.4,4403'4537'4533
,,48.4,4480'4479'4480
,,52.4,4425'4435'4634
,,56.4,4473'4508'4430
,,60.4,4663'4572'4497
,,64.4,4592'4565'4549
,,68.4,4675'4570'4654
,,72.4,4554'4488'4370
,,76.4,4400'4338'4484
213,4610,4.4,
,,8.4,4461'4550'4602
,,12.4,4334'4375'4574
,,16.4,4342'4334'4562
,,20.4,4483'4523'4468
,,24.4,4534'4556'4530
,,28.4,4562'4511'4579
,,32.4,4497'4656'4359
,,36.4,4612'4395'4541
,,40.4,4335'4612'4456
,,44.4,4574'4293'4559
,,48.4,4565'4304'4293
,,52.4,4508'4448'4449
,,56.4,4360'4293'4675
,,60.4,4545'4370'4458
,,64.4,4470'4396'4497
,,68.4,4623'4394'4564
,,72.4,4374'4605'4320
,,76.4,4630'4676'4654
214,4673,4.4,
,,8.4,4606'4291'4388
,,12.4,4320'4400'4313
,,16.4,4651'4400'4630
,,20.4,4642'4388'4320
,,24.4,4410'4498'4497
,,28.4,4470'4320'4470
,,32.4,4396'4665'4396
,,36.4,4488'4513'4656
,,40.4,4399'4371'4361
,,44.4,4676'4666'4388
,,48.4,4321'4652'4607
,,52.4,4652'4405'4360
,,56.4,4607'4689'4565
,,60.4,4630'4591'4666
,,64.4,4360'4666'4478
,,68.4,4534'4636'4564
,,72.4,4291'4291'4612
,,76.4,4488'4503'4478
215,4625,4.4,
,,8.4,4556'4556'4556
,,12.4,4286'4421'4498
,,16.4,4297'4519'4398
,,20.4,4326'4411'4508
,,24.4,4577'4476'4326
,,28.4,4363'4421'4565
,,32.4,4561'4577'4695
,,36.4,4326'4443'4680
,,40.4,4326'4645'4363
,,44.4,4603'4363'4376
,,48.4,4645'4586'4645
,,52.4,4584'4442'4381
,,56.4,4464'4348'4363
,,60.4,4363'4639'4438
,,64.4,4507'4681'4326
,,68.4,4598'4452'4612
,,72.4,4622'4622'4583
,,76.4,4397'4502'4579
216,4638,4.4,
,,8.4,4501'4387'4523
,,12.4,4530'4543'4641
,,16.4,4419'4343'4419
,,20.4,4441'4331'4441
,,24.4,4476'4624'4620
,,28.4,4331'4656'4411
,,32.4,4441'4530'4297
,,36.4,4513'4673'4331
217,4497,4.4,
,,8.4,4458'4364'4372
,,12.4,4562'4649'4489
,,16.4,4585'4398'4285
,,20.4,4534'4306'4285
,,24.4,4468'4306'4359
,,28.4,4314'4577'4591
,,32.4,4524'4313'4508
,,36.4,4389'4363'4415
,,40.4,4577'4577'4627
,,44.4,4351'4577'4363
,,48.4,4605'4364'4639
,,52.4,4475'4407'4300
,,56.4,4315'4306'4374
,,60.4,4397'4415'4432
,,64.4,4605'4320'4409
,,68.4,4689'4630'4564
,,72.4,4503'4552'4291
,,76.4,4388'4503'4303
218,4588,4.4,
,,8.4,4662'4436'4401
,,12.4,4292'4667'4292
,,16.4,4436'4446'4457
,,20.4,4317'4355'4536
,,24.4,4568'4477'4537
,,28.4,4643'4642'4378
,,32.4,4642'4362'4686
,,36.4,4357'4477'4476
,,40.4,4618'4570'4350
,,44.4,4357'4496'4344
,,48.4,4466'4614'4368
,,52.4,4467'4509'4547
,,56.4,4600'4660'4660
,,60.4,4606'4590'4350
,,64.4,4324'4447'4368
,,68.4,4438'4466'4447
,,72.4,4496'4496'4466
,,76.4,4685'4590'4619
219,4614,4.4,
,,8.4,4506'4688'4450
,,12.4,4314'4287'4449
,,16.4,4353'4648'4436
,,20.4,4485'4525'4636
,,24.4,4467'4349'4336
,,28.4,4307'4472'4450
,,32.4,4401'4446'4613
,,36.4,4485'4591'4319
,,40.4,4429'4575'4307
,,44.4,4286'4307'4532
,,48.4,4690'4575'4401
,,52.4,4636'4453'4542
,,56.4,4416'4314'4286
,,60.4,4319'4469'4600
,,64.4,4336'4308'4485
,,68.4,4599'4553'4319
,,72.4,4286'4553'4629
,,76.4,4618'4594'4446
220,4583,4.4,
,,8.4,4405'4432'4405
,,12.4,4663'4663'4363
,,16.4,4487'4296'4406
,,20.4,4508'4326'4536
,,24.4,4592'4592'4592
,,28.4,4624'4549'4559
,,32.4,4617'4631'4668
,,36.4,4639'4452'4452
,,40.4,4633'4326'4321
,,44.4,4315'4444'4326
,,48.4,4418'4363'4347
,,52.4,4648'4669'4648
,,56.4,4584'4435'4461
,,60.4,4363'4631'4593
,,64.4,4513'4371'4458
,,68.4,4326'4318'4612
,,72.4,4371'4508'4440
,,76.4,4453'4355'4453
221,4536,4.4,
,,8.4,4415'4442'4690
,,12.4,4505'4438'4438
,,16.4,4383'4340'4609
,,20.4,4606'4645'4585
,,24.4,4680'4505'4585
,,28.4,4578'4494'4537
,,32.4,4643'4647'4690
,,36.4,4543'4317'4647
,,40.4,4312'4588'4609
,,44.4,4402'4600'4524
,,48.4,4619'4481'4357
,,52.4,4403'4459'4406
,,56.4,4297'4461'4347
,,60.4,4295'4416'4341
,,64.4,4305'4353'4406
,,68.4,4402'4546'4686
,,72.4,4358'4354'4297
,,76.4,4529'4469'4297
222,4541,4.4,
,,8.4,4440'4657'4613
,,12.4,4403'4395'4426
,,16.4,4430'4391'4440
,,20.4,4361'4327'4329
,,24.4,4369'4382'4368
,,28.4,4382'4336'4495
,,32.4,4563'4362'4357
,,36.4,4479'4441'4441
,,40.4,4507'4357'4507
,,44.4,4378'4537'4600
,,48.4,4588'4520'4362
,,52.4,4375'4362'4574
,,56.4,4383'4574'4347
,,60.4,4696'4481'4589
,,64.4,4588'4600'4579
,,68.4,4381'4699'4696
,,72.4,4644'4685'4520
,,76.4,4324'4312'4438
223,4499,4.4,
,,8.4,4625'4585'4645
,,12.4,4669'4363'4363
,,16.4,4326'4603'4397
,,20.4,4559'4639'4463
,,24.4,4326'4363'4474
,,28.4,4326'4540'4375
,,32.4,4474'4307'4363
,,36.4,4656'4303'4523
,,40.4,4363'4363'4363
,,44.4,4318'4506'4507
,,48.4,4440'4327'4327
224,4600,4.4,
,,8.4,4395'4403'4576
,,12.4,4621'4421'4391
,,16.4,4403'4367'4347
,,20.4,4309'4366'4347
,,24.4,4295'4295'4495
,,28.4,4438'4438'4459
,,32.4,4438'4295'4619
,,36.4,4438'4369'4369
,,40.4,4403'4309'4347
,,44.4,4578'4347'4349
,,48.4,4459'4356'4366
,,52.4,4369'4347'4447
,,56.4,4347'4287'4347
,,60.4,4536'4437'4606
,,64.4,4657'4308'4657
,,68.4,4350'4615'4546
,,72.4,4651'4494'4324
,,76.4,4438'4417'4370
225,4528,4.4,
,,8.4,4684'4642'4623
,,12.4,4518'4520'4313
,,16.4,4508'4488'4400
,,20.4,4291'4623'4623
,,24.4,4498'4360'4559
,,28.4,4569'4575'4518
,,32.4,4569'4360'4370
,,36.4,4518'4338'4630
,,40.4,4360'4338'4591
,,44.4,4291'4370'4518
,,48.4,4630'4326'4291
,,52.4,4592'4479'4338
,,56.4,4559'4405'4583
,,60.4,4623'4474'4568
,,64.4,4310'4654'4488
,,68.4,4596'4564'4331
,,72.4,4513'4414'4660
,,76.4,4370'4410'4410
226,4502,4.4,
,,8.4,4543'4571'4482
,,12.4,4571'4620'4288
,,16.4,4573'4292'4573
,,20.4,4352'4330'4324
,,24.4,4639'4397'4617
,,28.4,4343'4428'4669
,,32.4,4399'4603'4581
,,36.4,4581'4480'4399
,,40.4,4397'4583'4480
,,44.4,4360'4583'4550
,,48.4,4666'4609'4583
,,52.4,4703'4315'4609
,,56.4,4624'4644'4579
,,60.4,4574'4574'4620
,,64.4,4402'4666'4474
,,68.4,4402'4402'4444
,,72.4,4550'4315'4528
,,76.4,4410'4315'4444
227,4693,4.4,
,,8.4,4376'4380'4481
,,12.4,4567'4376'4380
,,16.4,4606'4521'4668
,,20.4,4321'4357'4357
,,24.4,4288'4463'4585
,,28.4,4578'4370'4657
,,32.4,4494'4443'4415
,,36.4,4690'4494'4312
,,40.4,4463'4597'4312
,,44.4,4495'4348'4383
,,48.4,4706'4357'4642
,,52.4,4596'4297'4653
,,56.4,4305'4347'4349
,,60.4,4369'4395'4347
,,64.4,4398'4295'4297
,,68.4,4514'4514'4406
,,72.4,4305'4505'4290
,,76.4,4402'4437'4358
228,4540,4.4,
,,8.4,4646'4593'4327
,,12.4,4441'4480'4480
,,16.4,4300'4413'4441
,,20.4,4507'4561'4299
,,24.4,4334'4593'4593
,,28.4,4340'4392'4562
,,32.4,4450'4360'4450
,,36.4,4474'4315'4444
,,40.4,4444'4631'4480
,,44.4,4360'4550'4463
,,48.4,4550'4675'4644
,,52.4,4464'4641'4703
,,56.4,4480'4301'4680
,,60.4,4452'4602'4518
,,64.4,4518'4680'4634
,,68.4,4646'4654'4376
,,72.4,4419'4428'4548
,,76.4,4480'4473'4301
3,4508,4.6,
,,8.6,4632'4467'4489
,,12.6,4424'4565'4591
,,16.6,4559'4326'4649
,,20.6,4355'4578'4647
,,24.6,4344'4606'4549
,,28.6,4559'4326'4626
,,32.6,4520'4372'4588
,,36.6,4592'4407'4363
,,40.6,4400'4326'4326
,,44.6,4497'4355'4326
,,48.6,4549'4488'4326
,,52.6,4594'4676'4630
,,56.6,4684'4646'4466
,,60.6,4449'4572'4531
,,64.6,4629'4361'4629
,,68.6,4513'4612'4326
,,72.6,4335'4598'4479
,,76.6,4593'4326'4644
4,4686,4.6,
,,8.6,4609'4541'4645
,,12.6,4690'4336'4653
,,16.6,4466'4459'4645
,,20.6,4600'4542'4317
,,24.6,4403'4366'4522
,,28.6,4403'4297'4349
,,32.6,4447'4461'4402
,,36.6,4651'4391'4651
,,40.6,4395'4403'4356
,,44.6,4412'4297'4529
,,48.6,4546'4619'4412
,,52.6,4398'4529'4436
,,56.6,4437'4411'4424
,,60.6,4290'4554'4291
,,64.6,4493'4420'4599
,,68.6,4343'4614'4377
,,72.6,4614'4504'4650
,,76.6,4443'4428'4414
5,4495,4.6,
,,8.6,4391'4538'4643
,,12.6,4416'4478'4489
,,16.6,4370'4528'4478
,,20.6,4557'4489'4385
,,24.6,4426'4528'4546
,,28.6,4350'4393'4533
,,32.6,4466'4336'4600
,,36.6,4476'4466'4539
,,40.6,4594'4528'4646
,,44.6,4678'4481'4449
,,48.6,4696'4415'4476
,,52.6,4701'4300'4651
,,56.6,4413'4362'4481
,,60.6,4693'4481'4299
,,64.6,4494'4698'4334
,,68.6,4392'4647'4415
,,72.6,4474'4481'4383
,,76.6,4481'4696'4600
6,4511,4.6,
,,8.6,4413'4361'4473
,,12.6,4474'4657'4531
,,16.6,4530'4371'4434
,,20.6,4321'4300'4439
,,24.6,4395'4646'4513
,,28.6,4395'4501'4501
,,32.6,4654'4403'4395
,,36.6,4403'4541'4494
,,40.6,4331'4384'4379
,,44.6,4331'4379'4384
,,48.6,4413'4569'4413
,,52.6,4384'4629'4403
,,56.6,4414'4395'4631
,,60.6,4455'4656'4455
,,64.6,4593'4414'4414
,,68.6,4563'4450'4375
,,72.6,4692'4666'4444
,,76.6,4498'4666'4444
7,4525,4.6,
,,8.6,4349'4469'4336
,,12.6,4355'4446'4485
,,16.6,4346'4580'4469
,,20.6,4485'4319'4688
,,24.6,4344'4319'4469
,,28.6,4477'4575'4344
,,32.6,4453'4446'4477
,,36.6,4429'4477'4564
,,40.6,4346'4543'4450
,,44.6,4599'4503'4676
,,48.6,4503'4314'4532
,,52.6,4308'4594'4344
,,56.6,4453'4568'4429
,,60.6,4469'4594'4446
,,64.6,4621'4535'4308
,,68.6,4570'4485'4346
,,72.6,4416'4645'4477
,,76.6,4477'4446'4509
8,4496,4.6,
,,8.6,4660'4342'4632
,,12.6,4605'4396'4509
,,16.6,4531'4372'4662
,,20.6,4467'4336'4372
,,24.6,4572'4637'4401
,,28.6,4564'4572'4372
,,32.6,4465'4314'4613
,,36.6,4450'4344'4453
,,40.6,4595'4532'4346
,,44.6,4484'4503'4446
,,48.6,4349'4503'4372
,,52.6,4346'4509'4614
,,56.6,4314'4472'4472
,,60.6,4547'4650'4531
,,64.6,4346'4314'4344
,,68.6,4594'4336'4344
,,72.6,4450'4469'4453
,,76.6,4416'4554'4469
155,4648,4.6,
,,8.6,4666'4409'4488
,,12.6,4291'4666'4630
,,16.6,4569'4338'4623
,,20.6,4594'4466'4338
,,24.6,4542'4338'4425
,,28.6,4313'4313'4361
,,32.6,4435'4585'4409
,,36.6,4335'4629'4413
,,40.6,4345'4670'4300
,,44.6,4345'4413'4611
,,48.6,4394'4403'4394
,,52.6,4611'4455'4435
,,56.6,4583'4593'4622
,,60.6,4545'4340'4644
,,64.6,4534'4418'4398
,,68.6,4548'4511'4320
,,72.6,4579'4523'4579
,,76.6,4504'4533'4543
156,4688,4.6,
,,8.6,4591'4286'4580
,,12.6,4429'4580'4325
,,16.6,4291'4676'4485
,,20.6,4367'4417'4469
,,24.6,4396'4306'4285
,,28.6,4666'4396'4484
,,32.6,4338'4518'4591
,,36.6,4388'4291'4478
,,40.6,4564'4497'4518
,,44.6,4388'4365'4488
,,48.6,4689'4689'4478
,,52.6,4676'4478'4623
,,56.6,4478'4554'4675
,,60.6,4676'4328'4592
,,64.6,4425'4513'4425
,,68.6,4480'4371'4532
,,72.6,4374'4700'4300
,,76.6,4479'4439'4676
157,4683,4.6,
,,8.6,4493'4448'4548
,,12.6,4302'4635'4423
,,16.6,4611'4687'4573
,,20.6,4339'4341'4448
,,24.6,4339'4422'4502
,,28.6,4558'4378'4422
,,32.6,4668'4641'4527
,,36.6,4422'4330'4641
,,40.6,4352'4448'4604
,,44.6,4330'4604'4573
,,48.6,4659'4422'4630
,,52.6,4501'4423'4339
,,56.6,4604'4339'4339
,,60.6,4659'4512'4422
,,64.6,4481'4302'4659
,,68.6,4687'4352'4687
,,72.6,4604'4352'4302
,,76.6,4317'4423'4386
158,4620,4.6,
,,8.6,4399'4296'4511
,,12.6,4579'4397'4397
,,16.6,4487'4434'4434
,,20.6,4359'4521'4603
,,24.6,4521'4331'4617
,,28.6,4373'4359'4301
,,32.6,4624'4292'4438
,,36.6,4646'4521'4380
,,40.6,4288'4321'4452
,,44.6,4368'4505'4677
,,48.6,4680'4645'4384
,,52.6,4677'4677'4511
,,56.6,4634'4331'4411
,,60.6,4543'4376'4666
,,64.6,4543'4408'4408
,,68.6,4383'4624'4288
,,72.6,4292'4368'4624
,,76.6,4292'4574'4324
160,4639,4.6,
,,8.6,4320'4577'4534
,,12.6,4351'4444'4681
,,16.6,4577'4685'4320
,,20.6,4497'4320'4497
,,24.6,4389'4597'4674
,,28.6,4537'4597'4610
,,32.6,4320'4392'4463
,,36.6,4633'4392'4519
,,40.6,4603'4444'4550
,,44.6,4583'4359'4444
,,48.6,4463'4389'4502
,,52.6,4550'4597'4550
,,56.6,4359'4660'4641
,,60.6,4694'4616'4668
,,64.6,4562'4581'4493
,,68.6,4681'4641'4342
,,72.6,4342'4551'4397
,,76.6,4521'4521'4375
159,4611,5.0,
,,9.0,4351'4577'4481
,,13.0,4597'4475'4597
,,17.0,4519'4364'4545
,,21.0,4458'4293'4527
,,25.0,4527'4527'4293
,,29.0,4691'4679'4304
,,33.0,4616'4458'4581
,,37.0,4352'4604'4610
,,41.0,4639'4497'4659
,,45.0,4398'4602'4293
,,49.0,4639'4602'4639
,,53.0,4577'4351'4659
,,57.0,4639'4681'4534
,,61.0,4534'4359'4601
,,65.0,4504'4405'4601
,,69.0,4445'4601'4596
,,73.0,4405'4342'4483
34,4697,6.8,
,,10.8,4465'4396'4465
,,14.8,4325'4291'4591
,,18.8,4467'4346'4390
,,22.8,4514'4613'4446
,,26.8,4591'4514'4634
,,30.8,4344'4314'4446
,,34.8,4650'4525'4355
,,38.8,4514'4578'4634
,,42.8,4429'4543'4372
,,46.8,4389'4539'4632
,,50.8,4497'4470'4365
,,54.8,4470'4689'4388
,,58.8,4629'4389'4535
,,62.8,4389'4409'4623
,,66.8,4676'4676'4328
,,70.8,4435'4409'4306
,,74.8,4345'4285'4313
162,4698,11.4,
,,15.4,4509'4446'4614
,,19.4,4442'4358'4531
,,23.4,4344'4442'4412
,,27.4,4570'4676'4295
,,31.4,4661'4516'4416
,,35.4,4385'4552'4645
,,39.4,4461'4547'4614
,,43.4,4391'4344'4553
,,47.4,4618'4496'4329
,,51.4,4509'4546'4369
,,55.4,4536'4614'4661
,,59.4,4614'4369'4657
,,63.4,4336'4546'4322
,,67.4,4477'4393'4650
,,71.4,4590'4560'4496
,,75.4,4369'4349'4325
154,4699,12.0,
,,16.0,4423'4310'4423
,,20.0,4408'4526'4374
,,24.0,4504'4406'4334
,,28.0,4597'4341'4681
,,32.0,4634'4532'4681
,,36.0,4419'4561'4470
,,40.0,4445'4470'4470
,,44.0,4342'4376'4645
,,48.0,4605'4680'4519
,,52.0,4348'4324'4616
,,56.0,4581'4581'4348
,,60.0,4577'4577'4562
,,64.0,4320'4399'4550
,,68.0,4398'4511'4511
,,72.0,4427'4474'4304
,,76.0,4340'4334'4340
161,4700,12.0,
,,16.0,4440'4479'4312
,,20.0,4440'4480'4440
,,24.0,4598'4440'4648
,,28.0,4648'4507'4552
,,32.0,4382'4658'4318
,,36.0,4612'4318'4371
,,40.0,4632'4418'4439
,,44.0,4444'4563'4439
,,48.0,4287'4371'4610
,,52.0,4287'4285'4537
,,56.0,4524'4441'4371
,,60.0,4453'4440'4441
,,64.0,4658'4598'4676
,,68.0,4631'4371'4318
,,72.0,4612'4583'4363
,,76.0,4371'4335'4598
153,4701,22.4,
,,26.4,4496'4590'4651
,,30.4,4356'4615'4467
,,34.4,4570'4477'4553
,,38.4,4395'4325'4580
,,42.4,4349'4590'4369
,,46.4,4336'4368'4661
,,50.4,4651'4477'4509
,,54.4,4547'4536'4662
,,58.4,4661'4514'4438
,,62.4,4606'4355'4347
,,66.4,4560'4467'4614
,,70.4,4344'4459'4615
,,74.4,4560'4525'4516
152,4702,26.0,
,,30.0,4663'4543'4479
,,34.0,4293'4398'4631
,,38.0,4305'4471'4693
,,42.0,4411'4589'4305
,,46.0,4296'4296'4316
,,50.0,4286'4286'4589
,,54.0,4387'4451'4451
,,58.0,4691'4327'4296
,,62.0,4327'4596'4379
,,66.0,4423'4379'4596
,,70.0,4694'4498'4694
,,74.0,4693'4441'4551
168,4703,28.0,
,,32.0,4381'4668'4288
,,36.0,4350'4348'4668
,,40.0,4324'4502'4521
,,44.0,4602'4644'4602
,,48.0,4397'4399'4399
,,52.0,4397'4360'4518
,,56.0,4550'4550'4502
,,60.0,4444'4675'4648
,,64.0,4577'4444'4622
,,68.0,4444'4444'4444
,,72.0,4548'4315'4579
,,76.0,4444'4411'4402
167,4704,33.6,
,,37.6,4351'4326'4356
,,41.6,4465'4544'4289
,,45.6,4349'4503'4346
,,49.6,4503'4385'4514
,,53.6,4429'4326'4369
,,57.6,4314'4632'4314
,,61.6,4326'4320'4507
,,65.6,4623'4338'4370
,,69.6,4497'4646'4636
,,73.6,4370'4673'4646
170,4705,39.0,
,,43.0,4421'4565'4434
,,47.0,4432'4565'4559
,,51.0,4559'4528'4394
,,55.0,4592'4586'4475
,,59.0,4584'4508'4583
,,63.0,4704'4587'4587
,,67.0,4326'4584'4583
,,71.0,4583'4583'4612
,,75.0,4522'4598'4363
169,4706,39.4,
,,43.4,4349'4357'4327
,,47.4,4309'4430'4459
,,51.4,4382'4440'4393
,,55.4,4318'4506'4361
,,59.4,4395'4347'4347
,,63.4,4371'4318'4356
,,67.4,4612'4356'4312
,,71.4,4507'4472'4325
,,75.4,4295'4489'4430
172,4707,39.4,
,,43.4,4367'4506'4461
,,47.4,4372'4338'4564
,,51.4,466